{
    "name": "root",
    "metadata": {
        "timer_format_version": "0.1.0",
        "start_time_seconds": "1718633265",
        "python_version": "3.10.0 (tags/v3.10.0:b494f59, Oct  4 2021, 19:00:18) [MSC v.1929 64 bit (AMD64)]",
        "command_line_arguments": "C:\\Users\\pablo\\Desktop\\Traffic-Sytem\\Traffic System\\venv\\Scripts\\mlagents-learn config/trainer_config.yaml --run-id=pablo1Final",
        "mlagents_version": "0.30.0",
        "mlagents_envs_version": "0.30.0",
        "communication_protocol_version": "1.5.0",
        "pytorch_version": "2.3.0+cpu",
        "numpy_version": "1.21.2",
        "end_time_seconds": "1718709744"
    },
    "total": 76478.53815839998,
    "count": 1,
    "self": 0.015535100013948977,
    "children": {
        "run_training.setup": {
            "total": 0.1240834999771323,
            "count": 1,
            "self": 0.1240834999771323
        },
        "TrainerController.start_learning": {
            "total": 76478.3985398,
            "count": 1,
            "self": 47.41261389598367,
            "children": {
                "TrainerController._reset_env": {
                    "total": 12.93793210000149,
                    "count": 1,
                    "self": 12.93793210000149
                },
                "TrainerController.advance": {
                    "total": 76417.941595804,
                    "count": 1769205,
                    "self": 23.07061000118847,
                    "children": {
                        "env_step": {
                            "total": 76394.87098580282,
                            "count": 1769205,
                            "self": 73226.38743063356,
                            "children": {
                                "SubprocessEnvManager._take_step": {
                                    "total": 3141.6427964806207,
                                    "count": 1769205,
                                    "self": 97.39420338149648,
                                    "children": {
                                        "TorchPolicy.evaluate": {
                                            "total": 3044.2485930991243,
                                            "count": 1768248,
                                            "self": 3044.2485930991243
                                        }
                                    }
                                },
                                "workers": {
                                    "total": 26.840758688631468,
                                    "count": 1769204,
                                    "self": 0.0,
                                    "children": {
                                        "worker_root": {
                                            "total": 76350.23956928364,
                                            "count": 1769204,
                                            "is_parallel": true,
                                            "self": 5240.7805730633845,
                                            "children": {
                                                "steps_from_proto": {
                                                    "total": 0.00376040002447553,
                                                    "count": 1,
                                                    "is_parallel": true,
                                                    "self": 0.001895399997010827,
                                                    "children": {
                                                        "_process_rank_one_or_two_observation": {
                                                            "total": 0.0018650000274647027,
                                                            "count": 6,
                                                            "is_parallel": true,
                                                            "self": 0.0018650000274647027
                                                        }
                                                    }
                                                },
                                                "UnityEnvironment.step": {
                                                    "total": 71109.45523582023,
                                                    "count": 1769204,
                                                    "is_parallel": true,
                                                    "self": 187.97314651825582,
                                                    "children": {
                                                        "UnityEnvironment._generate_step_input": {
                                                            "total": 111.80138089705724,
                                                            "count": 1769204,
                                                            "is_parallel": true,
                                                            "self": 111.80138089705724
                                                        },
                                                        "communicator.exchange": {
                                                            "total": 70058.75620109215,
                                                            "count": 1769204,
                                                            "is_parallel": true,
                                                            "self": 70058.75620109215
                                                        },
                                                        "steps_from_proto": {
                                                            "total": 750.9245073127677,
                                                            "count": 1769204,
                                                            "is_parallel": true,
                                                            "self": 353.74663845138275,
                                                            "children": {
                                                                "_process_rank_one_or_two_observation": {
                                                                    "total": 397.1778688613849,
                                                                    "count": 10615224,
                                                                    "is_parallel": true,
                                                                    "self": 397.1778688613849
                                                                }
                                                            }
                                                        }
                                                    }
                                                }
                                            }
                                        }
                                    }
                                }
                            }
                        }
                    }
                },
                "TrainerController._save_models": {
                    "total": 0.10639800000353716,
                    "count": 1,
                    "self": 0.01816010000766255,
                    "children": {
                        "RLTrainer._checkpoint": {
                            "total": 0.08823789999587461,
                            "count": 1,
                            "self": 0.08823789999587461
                        }
                    }
                }
            }
        }
    }
}