{
    "name": "root",
    "metadata": {
        "timer_format_version": "0.1.0",
        "start_time_seconds": "1717264385",
        "python_version": "3.10.0 (tags/v3.10.0:b494f59, Oct  4 2021, 19:00:18) [MSC v.1929 64 bit (AMD64)]",
        "command_line_arguments": "C:\\Users\\pablo\\Desktop\\Traffic-Sytem\\Traffic System\\venv\\Scripts\\mlagents-learn --run-id=Test2",
        "mlagents_version": "0.30.0",
        "mlagents_envs_version": "0.30.0",
        "communication_protocol_version": "1.5.0",
        "pytorch_version": "2.3.0+cpu",
        "numpy_version": "1.21.2",
        "end_time_seconds": "1717264639"
    },
    "total": 253.23808569996618,
    "count": 1,
    "self": 0.012293300125747919,
    "children": {
        "run_training.setup": {
            "total": 0.021757900016382337,
            "count": 1,
            "self": 0.021757900016382337
        },
        "TrainerController.start_learning": {
            "total": 253.20403449982405,
            "count": 1,
            "self": 0.5722888878080994,
            "children": {
                "TrainerController._reset_env": {
                    "total": 17.24711999995634,
                    "count": 1,
                    "self": 17.24711999995634
                },
                "TrainerController.advance": {
                    "total": 235.12614301219583,
                    "count": 25949,
                    "self": 0.5627573588863015,
                    "children": {
                        "env_step": {
                            "total": 227.3403343805112,
                            "count": 25949,
                            "self": 205.13124960148707,
                            "children": {
                                "SubprocessEnvManager._take_step": {
                                    "total": 21.832782382145524,
                                    "count": 25949,
                                    "self": 1.538738990901038,
                                    "children": {
                                        "TorchPolicy.evaluate": {
                                            "total": 20.294043391244486,
                                            "count": 25897,
                                            "self": 20.294043391244486
                                        }
                                    }
                                },
                                "workers": {
                                    "total": 0.3763023968786001,
                                    "count": 25948,
                                    "self": 0.0,
                                    "children": {
                                        "worker_root": {
                                            "total": 173.74109091144055,
                                            "count": 25948,
                                            "is_parallel": true,
                                            "self": 55.4419550888706,
                                            "children": {
                                                "steps_from_proto": {
                                                    "total": 0.002561100060120225,
                                                    "count": 1,
                                                    "is_parallel": true,
                                                    "self": 0.00012159999459981918,
                                                    "children": {
                                                        "_process_rank_one_or_two_observation": {
                                                            "total": 0.0024395000655204058,
                                                            "count": 2,
                                                            "is_parallel": true,
                                                            "self": 0.0024395000655204058
                                                        }
                                                    }
                                                },
                                                "UnityEnvironment.step": {
                                                    "total": 118.29657472250983,
                                                    "count": 25948,
                                                    "is_parallel": true,
                                                    "self": 1.9641018989495933,
                                                    "children": {
                                                        "UnityEnvironment._generate_step_input": {
                                                            "total": 1.554686602205038,
                                                            "count": 25948,
                                                            "is_parallel": true,
                                                            "self": 1.554686602205038
                                                        },
                                                        "communicator.exchange": {
                                                            "total": 109.58169880183414,
                                                            "count": 25948,
                                                            "is_parallel": true,
                                                            "self": 109.58169880183414
                                                        },
                                                        "steps_from_proto": {
                                                            "total": 5.196087419521064,
                                                            "count": 25948,
                                                            "is_parallel": true,
                                                            "self": 2.6299714683555067,
                                                            "children": {
                                                                "_process_rank_one_or_two_observation": {
                                                                    "total": 2.566115951165557,
                                                                    "count": 51896,
                                                                    "is_parallel": true,
                                                                    "self": 2.566115951165557
                                                                }
                                                            }
                                                        }
                                                    }
                                                }
                                            }
                                        }
                                    }
                                }
                            }
                        },
                        "trainer_advance": {
                            "total": 7.22305127279833,
                            "count": 25948,
                            "self": 0.5930884920526296,
                            "children": {
                                "process_trajectory": {
                                    "total": 2.0518567806575447,
                                    "count": 25948,
                                    "self": 2.0518567806575447
                                },
                                "_update_policy": {
                                    "total": 4.578106000088155,
                                    "count": 2,
                                    "self": 3.3614921004045755,
                                    "children": {
                                        "TorchPPOOptimizer.update": {
                                            "total": 1.2166138996835798,
                                            "count": 60,