{
    "name": "root",
    "gauges": {
        "FollowPoints.Policy.Entropy.mean": {
            "value": 1.9123473167419434,
            "min": 1.3571723699569702,
            "max": 1.9834190607070923,
            "count": 132
        },
        "FollowPoints.Policy.Entropy.sum": {
            "value": 9607.6328125,
            "min": 4727.669921875,
            "max": 9939.59765625,
            "count": 132
        },
        "FollowPoints.Step.mean": {
            "value": 2379989.0,
            "min": 1724979.0,
            "max": 2379989.0,
            "count": 132
        },
        "FollowPoints.Step.sum": {
            "value": 2379989.0,
            "min": 1724979.0,
            "max": 2379989.0,
            "count": 132
        },
        "FollowPoints.Policy.ExtrinsicValueEstimate.mean": {
            "value": 0.594132125377655,
            "min": 0.12718263268470764,
            "max": 1.5965431928634644,
            "count": 132
        },
        "FollowPoints.Policy.ExtrinsicValueEstimate.sum": {
            "value": 49.312965393066406,
            "min": 10.556158065795898,
            "max": 145.28543090820312,
            "count": 132
        },
        "FollowPoints.Environment.EpisodeLength.mean": {
            "value": 808.1428571428571,
            "min": 88.57692307692308,
            "max": 989.7142857142857,
            "count": 132
        },
        "FollowPoints.Environment.EpisodeLength.sum": {
            "value": 5657.0,
            "min": 2696.0,
            "max": 6928.0,
            "count": 132
        },
        "FollowPoints.Environment.CumulativeReward.mean": {
            "value": 2.138571428667222,
            "min": 0.2536842107380691,
            "max": 3.886666666716337,
            "count": 132
        },
        "FollowPoints.Environment.CumulativeReward.sum": {
            "value": 14.970000000670552,
            "min": 4.8200000040233135,
            "max": 79.89000000245869,
            "count": 132
        },
        "FollowPoints.Policy.ExtrinsicReward.mean": {
            "value": 2.138571428667222,
            "min": 0.2536842107380691,
            "max": 3.886666666716337,
            "count": 132
        },
        "FollowPoints.Policy.ExtrinsicReward.sum": {
            "value": 14.970000000670552,
            "min": 4.8200000040233135,
            "max": 79.89000000245869,
            "count": 132
        },
        "FollowPoints.Losses.PolicyLoss.mean": {
            "value": 0.06881166325830336,
            "min": 0.05414377446868457,
            "max": 0.08112907213459646,
            "count": 132
        },
        "FollowPoints.Losses.PolicyLoss.sum": {
            "value": 0.2064349897749101,
            "min": 0.07132137644172569,
            "max": 0.22842790314462036,
            "count": 132
        },
        "FollowPoints.Losses.ValueLoss.mean": {
            "value": 0.07970993680646643,
            "min": 0.014272539833958339,
            "max": 0.3228793179150671,
            "count": 132
        },
        "FollowPoints.Losses.ValueLoss.sum": {
            "value": 0.2391298104193993,
            "min": 0.028545079667916678,
            "max": 0.782696857272337,
            "count": 132
        },
        "FollowPoints.Policy.LearningRate.mean": {
            "value": 0.00022867186377605335,
            "min": 0.00022867186377605335,
            "max": 0.00024826882724372995,
            "count": 132
        },
        "FollowPoints.Policy.LearningRate.sum": {
            "value": 0.00068601559132816,
            "min": 0.00024826882724372995,
            "max": 0.0007440630219790099,
            "count": 132
        },
        "FollowPoints.Policy.Epsilon.mean": {
            "value": 0.17622394666666671,
            "min": 0.17622394666666671,
            "max": 0.18275627000000003,
            "count": 132
        },
        "FollowPoints.Policy.Epsilon.sum": {
            "value": 0.5286718400000001,
            "min": 0.18275627000000003,
            "max": 0.54802099,
            "count": 132
        },
        "FollowPoints.Policy.Beta.mean": {
            "value": 0.007624772272,
            "min": 0.007624772272,
            "max": 0.008277351373,
            "count": 132
        },
        "FollowPoints.Policy.Beta.sum": {
            "value": 0.022874316816,
            "min": 0.008277351373,
            "max": 0.024807296901000003,
            "count": 132
        },
        "FollowPoints.IsTraining.mean": {
            "value": 1.0,
            "min": 1.0,
            "max": 1.0,
            "count": 132
        },
        "FollowPoints.IsTraining.sum": {
            "value": 1.0,
            "min": 1.0,
            "max": 1.0,
            "count": 132
        }
    },
    "metadata": {
        "timer_format_version": "0.1.0",
        "start_time_seconds": "1718273162",
        "python_version": "3.10.0 (tags/v3.10.0:b494f59, Oct  4 2021, 19:00:18) [MSC v.1929 64 bit (AMD64)]",
        "command_line_arguments": "C:\\Users\\pablo\\Desktop\\Traffic-Sytem\\Traffic System\\venv\\Scripts\\mlagents-learn config/trainer_config.yaml --run-id=Test20Scenario1 --resume",
        "mlagents_version": "0.30.0",
        "mlagents_envs_version": "0.30.0",
        "communication_protocol_version": "1.5.0",
        "pytorch_version": "2.3.0+cpu",
        "numpy_version": "1.21.2",
        "end_time_seconds": "1718280477"
    },
    "total": 7315.714736999944,
    "count": 1,
    "self": 0.010623600333929062,
    "children": {
        "run_training.setup": {
            "total": 0.1280274000018835,
            "count": 1,
            "self": 0.1280274000018835
        },
        "TrainerController.start_learning": {
            "total": 7315.576085999608,
            "count": 1,
            "self": 18.197656373027712,
            "children": {
                "TrainerController._reset_env": {
                    "total": 27.310649499762803,
                    "count": 1,
                    "self": 27.310649499762803
                },
                "TrainerController.advance": {
                    "total": 7269.945305027068,
                    "count": 663628,
                    "self": 8.5714710066095,
                    "children": {
                        "env_step": {
                            "total": 7261.373834020458,
                            "count": 663628,
                            "self": 6040.233937107958,
                            "children": {
                                "SubprocessEnvManager._take_step": {
                                    "total": 1211.2261309241876,
                                    "count": 663628,
                                    "self": 36.5907465997152,
                                    "children": {
                                        "TorchPolicy.evaluate": {
                                            "total": 1174.6353843244724,
                                            "count": 662078,
                                            "self": 1174.6353843244724
                                        }
                                    }
                                },
                                "workers": {
                                    "total": 9.913765988312662,
                                    "count": 663627,
                                    "self": 0.0,
                                    "children": {
                                        "worker_root": {
                                            "total": 7271.260575519875,
                                            "count": 663627,
                                            "is_parallel": true,
                                            "self": 1988.7172118858434,
                                            "children": {
                                                "steps_from_proto": {
                                                    "total": 0.00040929997339844704,