{
    "name": "root",
    "gauges": {
        "FollowPoints.Policy.Entropy.mean": {
            "value": 0.028419259935617447,
            "min": 0.025275180116295815,
            "max": 0.695993185043335,
            "count": 184
        },
        "FollowPoints.Policy.Entropy.sum": {
            "value": 1420.991455078125,
            "min": 1263.759033203125,
            "max": 33560.75390625,
            "count": 184
        },
        "FollowPoints.Step.mean": {
            "value": 9749975.0,
            "min": 599939.0,
            "max": 9749975.0,
            "count": 184
        },
        "FollowPoints.Step.sum": {
            "value": 9749975.0,
            "min": 599939.0,
            "max": 9749975.0,
            "count": 184
        },
        "FollowPoints.Policy.ExtrinsicValueEstimate.mean": {
            "value": -17.00861930847168,
            "min": -30.708267211914062,
            "max": -0.7693729400634766,
            "count": 184
        },
        "FollowPoints.Policy.ExtrinsicValueEstimate.sum": {
            "value": -13470.826171875,
            "min": -24351.65625,
            "max": -608.573974609375,
            "count": 184
        },
        "FollowPoints.Policy.CuriosityValueEstimate.mean": {
            "value": 0.0072310189716517925,
            "min": -0.04709337651729584,
            "max": 0.047117847949266434,
            "count": 184
        },
        "FollowPoints.Policy.CuriosityValueEstimate.sum": {
            "value": 5.726966857910156,
            "min": -37.25086212158203,
            "max": 37.31733703613281,
            "count": 184
        },
        "FollowPoints.Environment.EpisodeLength.mean": {
            "value": 3983.076923076923,
            "min": 2837.823529411765,
            "max": 4999.0,
            "count": 184
        },
        "FollowPoints.Environment.EpisodeLength.sum": {
            "value": 51780.0,
            "min": 9998.0,
            "max": 54654.0,
            "count": 184
        },
        "FollowPoints.Environment.CumulativeReward.mean": {
            "value": -791.3513632829373,
            "min": -1684.8255830279418,
            "max": -324.90322959423065,
            "count": 184
        },
        "FollowPoints.Environment.CumulativeReward.sum": {
            "value": -10287.567722678185,
            "min": -23587.558162391186,
            "max": -2947.799985155463,
            "count": 184
        },
        "FollowPoints.Policy.ExtrinsicReward.mean": {
            "value": -783.4378358125687,
            "min": -1667.977204109941,
            "max": -321.65420228944106,
            "count": 184
        },
        "FollowPoints.Policy.ExtrinsicReward.sum": {
            "value": -10184.691865563393,
            "min": -23351.680857539177,
            "max": -2918.321793809533,
            "count": 184
        },
        "FollowPoints.Policy.CuriosityReward.mean": {
            "value": 0.06294417561824818,
            "min": 0.039780755395838696,
            "max": 2.92238600703422,
            "count": 184
        },
        "FollowPoints.Policy.CuriosityReward.sum": {
            "value": 0.8182742830372263,
            "min": 0.5949876126742311,
            "max": 46.76722675852943,
            "count": 184
        },
        "FollowPoints.Losses.PolicyLoss.mean": {
            "value": 0.034270857926652146,
            "min": 0.02970274993309027,
            "max": 0.036633807076917345,
            "count": 184
        },
        "FollowPoints.Losses.PolicyLoss.sum": {
            "value": 0.3427085792665215,
            "min": 0.06243991593946703,
            "max": 0.36633807076917346,
            "count": 184
        },
        "FollowPoints.Losses.ValueLoss.mean": {
            "value": 5.9533619459470115,
            "min": 3.2089698367648656,
            "max": 271.6437738529841,
            "count": 184
        },
        "FollowPoints.Losses.ValueLoss.sum": {
            "value": 59.53361945947012,
            "min": 28.88072853088379,
            "max": 2716.437738529841,
            "count": 184
        },
        "FollowPoints.Policy.LearningRate.mean": {
            "value": 1.0000000000000003e-05,
            "min": 1.0000000000000003e-05,
            "max": 1.0000000000000003e-05,
            "count": 184
        },
        "FollowPoints.Policy.LearningRate.sum": {
            "value": 0.00010000000000000002,
            "min": 2.0000000000000005e-05,
            "max": 0.00010000000000000002,
            "count": 184
        },
        "FollowPoints.Policy.Epsilon.mean": {
            "value": 0.19805487294000004,
            "min": 0.19805487294000004,
            "max": 0.19988134419999998,
            "count": 184
        },
        "FollowPoints.Policy.Epsilon.sum": {
            "value": 1.9805487294000004,
            "min": 0.39976268839999995,
            "max": 1.9987518162,
            "count": 184
        },
        "FollowPoints.Policy.Beta.mean": {
            "value": 0.00010000000000000002,
            "min": 0.00010000000000000002,
            "max": 0.00010000000000000003,
            "count": 184
        },
        "FollowPoints.Policy.Beta.sum": {
            "value": 0.0010000000000000002,
            "min": 0.00020000000000000006,
            "max": 0.0010000000000000002,
            "count": 184
        },
        "FollowPoints.Losses.CuriosityForwardLoss.mean": {
            "value": 0.00025680228380224433,
            "min": 0.00021211627979937474,
            "max": 0.049446491113243,
            "count": 184
        },
        "FollowPoints.Losses.CuriosityForwardLoss.sum": {
            "value": 0.002568022838022443,
            "min": 0.001970273715172273,
            "max": 0.098892982226486,
            "count": 184
        },
        "FollowPoints.Losses.CuriosityInverseLoss.mean": {
            "value": 0.028164560066846506,
            "min": 0.025470051786827826,
            "max": 0.6933352425694466,
            "count": 184
        },
        "FollowPoints.Losses.CuriosityInverseLoss.sum": {
            "value": 0.28164560066846506,
            "min": 0.22923046608145042,
            "max": 6.793614431222279,
            "count": 184
        },
        "FollowPoints.IsTraining.mean": {
            "value": 1.0,
            "min": 1.0,
            "max": 1.0,
            "count": 184
        },
        "FollowPoints.IsTraining.sum": {
            "value": 1.0,
            "min": 1.0,
            "max": 1.0,
            "count": 184
        }
    },
    "metadata": {
        "timer_format_version": "0.1.0",
        "start_time_seconds": "1718029750",
        "python_version": "3.10.0 (tags/v3.10.0:b494f59, Oct  4 2021, 19:00:18) [MSC v.1929 64 bit (AMD64)]",
        "command_line_arguments": "C:\\Users\\pablo\\Desktop\\Traffic-Sytem\\Traffic System\\venv\\Scripts\\mlagents-learn config/trainer_config.yaml --run-id=Test15Scenario1 --resume",
        "mlagents_version": "0.30.0",
        "mlagents_envs_version": "0.30.0",
        "communication_protocol_version": "1.5.0",
        "pytorch_version": "2.3.0+cpu",
        "numpy_version": "1.21.2",
        "end_time_seconds": "1718096607"
    },
    "total": 66855.15937349992,
    "count": 1,
    "self": 0.016134199686348438,
    "children": {
        "run_training.setup": {
            "total": 0.11032250011339784,
            "count": 1,
            "self": 0.11032250011339784
        },
        "TrainerController.start_learning": {
            "total": 66855.03291680012,
            "count": 1,
            "self": 175.70387175586075,
            "children": {
                "TrainerController._reset_env": {
                    "total": 19.228362599853426,
                    "count": 1,
                    "self": 19.228362599853426
                },
                "TrainerController.advance": {
                    "total": 66659.9524141443,
                    "count": 9169486,
                    "self": 172.23884883150458,