{
    "name": "root",
    "gauges": {
        "FollowPoints.Policy.Entropy.mean": {
            "value": 0.11228840053081512,
            "min": 0.048006992787122726,
            "max": 0.23431704938411713,
            "count": 7
        },
        "FollowPoints.Policy.Entropy.sum": {
            "value": 5621.044921875,
            "min": 2399.821533203125,
            "max": 11598.2255859375,
            "count": 7
        },
        "FollowPoints.Step.mean": {
            "value": 7699997.0,
            "min": 7399965.0,
            "max": 7699997.0,
            "count": 7
        },
        "FollowPoints.Step.sum": {
            "value": 7699997.0,
            "min": 7399965.0,
            "max": 7699997.0,
            "count": 7
        },
        "FollowPoints.Policy.ExtrinsicValueEstimate.mean": {
            "value": -95.47716522216797,
            "min": -98.69285583496094,
            "max": -82.37901306152344,
            "count": 7
        },
        "FollowPoints.Policy.ExtrinsicValueEstimate.sum": {
            "value": -75522.4375,
            "min": -78066.046875,
            "max": -65161.796875,
            "count": 7
        },
        "FollowPoints.Policy.CuriosityValueEstimate.mean": {
            "value": -0.033555444329977036,
            "min": -0.04413925111293793,
            "max": 0.03564689680933952,
            "count": 7
        },
        "FollowPoints.Policy.CuriosityValueEstimate.sum": {
            "value": -26.542356491088867,
            "min": -34.914146423339844,
            "max": 27.840225219726562,
            "count": 7
        },
        "FollowPoints.Environment.EpisodeLength.mean": {
            "value": 4287.916666666667,
            "min": 3681.785714285714,
            "max": 4548.363636363636,
            "count": 7
        },
        "FollowPoints.Environment.EpisodeLength.sum": {
            "value": 51455.0,
            "min": 45583.0,
            "max": 51962.0,
            "count": 7
        },
        "FollowPoints.Environment.CumulativeReward.mean": {
            "value": -4246.304440021515,
            "min": -4246.304440021515,
            "max": -3061.0816777220793,
            "count": 7
        },
        "FollowPoints.Environment.CumulativeReward.sum": {
            "value": -50955.65328025818,
            "min": -50955.65328025818,
            "max": -41507.50015377998,
            "count": 7
        },
        "FollowPoints.Policy.ExtrinsicReward.mean": {
            "value": -4203.840892891089,
            "min": -4203.840892891089,
            "max": -3030.4705240598746,
            "count": 7
        },
        "FollowPoints.Policy.ExtrinsicReward.sum": {
            "value": -50446.09071469307,
            "min": -50446.09071469307,
            "max": -41092.420368433,
            "count": 7
        },
        "FollowPoints.Policy.CuriosityReward.mean": {
            "value": 0.021111417134695405,
            "min": 0.01109269227857691,
            "max": 0.08905160722497385,
            "count": 7
        },
        "FollowPoints.Policy.CuriosityReward.sum": {
            "value": 0.25333700561634487,
            "min": 0.122019615064346,
            "max": 1.15767089392466,
            "count": 7
        },
        "FollowPoints.Losses.PolicyLoss.mean": {
            "value": 0.03341850467976959,
            "min": 0.03235022221256426,
            "max": 0.034272156586327276,
            "count": 7
        },
        "FollowPoints.Losses.PolicyLoss.sum": {
            "value": 0.3341850467976959,
            "min": 0.2911519999130784,
            "max": 0.3427215658632728,
            "count": 7
        },
        "FollowPoints.Losses.ValueLoss.mean": {
            "value": 3.583764580885569,
            "min": 1.7946629018833238,
            "max": 4.094357655211179,
            "count": 7
        },
        "FollowPoints.Losses.ValueLoss.sum": {
            "value": 35.83764580885569,
            "min": 16.151966116949914,
            "max": 38.03818637865285,
            "count": 7
        },
        "FollowPoints.Policy.LearningRate.mean": {
            "value": 1.0000000000000003e-05,
            "min": 1.0000000000000003e-05,
            "max": 1.0000000000000003e-05,
            "count": 7
        },
        "FollowPoints.Policy.LearningRate.sum": {
            "value": 0.00010000000000000002,
            "min": 9.000000000000002e-05,
            "max": 0.00010000000000000002,
            "count": 7
        },
        "FollowPoints.Policy.Epsilon.mean": {
            "value": 0.19846467924000005,
            "min": 0.19846467924000005,
            "max": 0.1985247550666667,
            "count": 7
        },
        "FollowPoints.Policy.Epsilon.sum": {
            "value": 1.9846467924000004,
            "min": 1.7864548422000002,
            "max": 1.9851500534000002,
            "count": 7
        },
        "FollowPoints.Policy.Beta.mean": {
            "value": 0.00010000000000000002,
            "min": 0.00010000000000000002,
            "max": 0.00010000000000000003,
            "count": 7
        },
        "FollowPoints.Policy.Beta.sum": {
            "value": 0.0010000000000000002,
            "min": 0.0009000000000000003,
            "max": 0.0010000000000000002,
            "count": 7
        },
        "FollowPoints.Losses.CuriosityForwardLoss.mean": {
            "value": 2.0634238289763592e-05,
            "min": 2.0634238289763592e-05,
            "max": 7.260520485658618e-05,
            "count": 7
        },
        "FollowPoints.Losses.CuriosityForwardLoss.sum": {
            "value": 0.00020634238289763592,
            "min": 0.00018588976440696569,
            "max": 0.0007260520485658618,
            "count": 7
        },
        "FollowPoints.Losses.CuriosityInverseLoss.mean": {
            "value": 0.10975585377678121,
            "min": 0.058202271461723964,
            "max": 0.23227900780125144,
            "count": 7
        },
        "FollowPoints.Losses.CuriosityInverseLoss.sum": {
            "value": 1.097558537767812,
            "min": 0.5238204431555157,
            "max": 2.266466372568781,
            "count": 7
        },
        "FollowPoints.IsTraining.mean": {
            "value": 1.0,
            "min": 1.0,
            "max": 1.0,
            "count": 7
        },
        "FollowPoints.IsTraining.sum": {
            "value": 1.0,
            "min": 1.0,
            "max": 1.0,
            "count": 7
        }
    },
    "metadata": {
        "timer_format_version": "0.1.0",
        "start_time_seconds": "1718095103",
        "python_version": "3.10.0 (tags/v3.10.0:b494f59, Oct  4 2021, 19:00:18) [MSC v.1929 64 bit (AMD64)]",
        "command_line_arguments": "C:\\Unity\\PabloTrafic\\Traffic System\\venv\\Scripts\\mlagents-learn config/trainer_config.yaml --run-id=SAM2Scenario1 --resume",
        "mlagents_version": "0.30.0",
        "mlagents_envs_version": "0.30.0",
        "communication_protocol_version": "1.5.0",
        "pytorch_version": "2.3.1+cpu",
        "numpy_version": "1.21.2",
        "end_time_seconds": "1718096637"
    },
    "total": 1533.9198112000013,
    "count": 1,
    "self": 0.005650799997965805,
    "children": {
        "run_training.setup": {
            "total": 0.10738560000027064,
            "count": 1,
            "self": 0.10738560000027064
        },
        "TrainerController.start_learning": {
            "total": 1533.806774800003,
            "count": 1,
            "self": 5.1103138018079335,
            "children": {
                "TrainerController._reset_env": {
                    "total": 23.010124199994607,
                    "count": 1,
                    "self": 23.010124199994607
                },
                "TrainerController.advance": {
                    "total": 1505.616386598209,
                    "count": 351778,
                    "self": 4.584803697594907,