{
    "name": "root",
    "gauges": {
        "FollowPoints.Policy.Entropy.mean": {
            "value": 1.2408447265625,
            "min": 1.2408447265625,
            "max": 1.8325855731964111,
            "count": 5
        },
        "FollowPoints.Policy.Entropy.sum": {
            "value": 12393.5576171875,
            "min": 12393.5576171875,
            "max": 18371.669921875,
            "count": 5
        },
        "FollowPoints.Step.mean": {
            "value": 49949.0,
            "min": 9961.0,
            "max": 49949.0,
            "count": 5
        },
        "FollowPoints.Step.sum": {
            "value": 49949.0,
            "min": 9961.0,
            "max": 49949.0,
            "count": 5
        },
        "FollowPoints.Policy.ExtrinsicValueEstimate.mean": {
            "value": -10.42448902130127,
            "min": -10.42448902130127,
            "max": -8.25875186920166,
            "count": 5
        },
        "FollowPoints.Policy.ExtrinsicValueEstimate.sum": {
            "value": -1667.918212890625,
            "min": -1667.918212890625,
            "max": -1313.1416015625,
            "count": 5
        },
        "FollowPoints.Losses.PolicyLoss.mean": {
            "value": 0.2533509086498616,
            "min": 0.24077460371265635,
            "max": 0.2533509086498616,
            "count": 5
        },
        "FollowPoints.Losses.PolicyLoss.sum": {
            "value": 19.508019966039342,
            "min": 18.373407301213266,
            "max": 19.508019966039342,
            "count": 5
        },
        "FollowPoints.Losses.ValueLoss.mean": {
            "value": 0.1318332860596691,
            "min": 0.1318332860596691,
            "max": 13.019169414559746,
            "count": 5
        },
        "FollowPoints.Losses.ValueLoss.sum": {
            "value": 10.15116302659452,
            "min": 10.15116302659452,
            "max": 989.4568755065407,
            "count": 5
        },
        "FollowPoints.Policy.LearningRate.mean": {
            "value": 0.00029973008136270017,
            "min": 0.00029973008136270017,
            "max": 0.0002999699494047536,
            "count": 5
        },
        "FollowPoints.Policy.LearningRate.sum": {
            "value": 0.023079216264927913,
            "min": 0.022784036093321303,
            "max": 0.023093076260307908,
            "count": 5
        },
        "FollowPoints.Policy.Epsilon.mean": {
            "value": 0.1999100270909091,
            "min": 0.1999100270909091,
            "max": 0.19998998313157895,
            "count": 5
        },
        "FollowPoints.Policy.Epsilon.sum": {
            "value": 15.393072086000002,
            "min": 15.194678695999999,
            "max": 15.397692086,
            "count": 5
        },
        "FollowPoints.Policy.Beta.mean": {
            "value": 0.0005000000000000001,
            "min": 0.0005000000000000001,
            "max": 0.0005000000000000001,
            "count": 5
        },
        "FollowPoints.Policy.Beta.sum": {
            "value": 0.038500000000000006,
            "min": 0.038000000000000006,
            "max": 0.038500000000000006,
            "count": 5
        },
        "FollowPoints.Environment.EpisodeLength.mean": {
            "value": 1499.0,
            "min": 1499.0,
            "max": 1499.1666666666667,
            "count": 5
        },
        "FollowPoints.Environment.EpisodeLength.sum": {
            "value": 10493.0,
            "min": 8994.0,
            "max": 10493.0,
            "count": 5
        },
        "FollowPoints.Environment.CumulativeReward.mean": {
            "value": -111.35522896902901,
            "min": -111.35522896902901,
            "max": -95.5597870349884,
            "count": 5
        },
        "FollowPoints.Environment.CumulativeReward.sum": {
            "value": -779.4866027832031,
            "min": -779.4866027832031,
            "max": -573.3587222099304,
            "count": 5
        },
        "FollowPoints.Policy.ExtrinsicReward.mean": {
            "value": -111.35522896902901,
            "min": -111.35522896902901,
            "max": -95.5597870349884,
            "count": 5
        },
        "FollowPoints.Policy.ExtrinsicReward.sum": {
            "value": -779.4866027832031,
            "min": -779.4866027832031,
            "max": -573.3587222099304,
            "count": 5
        },
        "FollowPoints.IsTraining.mean": {
            "value": 1.0,
            "min": 1.0,
            "max": 1.0,
            "count": 5
        },
        "FollowPoints.IsTraining.sum": {
            "value": 1.0,
            "min": 1.0,
            "max": 1.0,
            "count": 5
        }
    },
    "metadata": {
        "timer_format_version": "0.1.0",
        "start_time_seconds": "1717422980",
        "python_version": "3.10.0 (tags/v3.10.0:b494f59, Oct  4 2021, 19:00:18) [MSC v.1929 64 bit (AMD64)]",
        "command_line_arguments": "C:\\Users\\pablo\\Desktop\\Traffic-Sytem\\Traffic System\\venv\\Scripts\\mlagents-learn config/trainer_config.yaml --run-id=Test03/06_9",
        "mlagents_version": "0.30.0",
        "mlagents_envs_version": "0.30.0",
        "communication_protocol_version": "1.5.0",
        "pytorch_version": "2.3.0+cpu",
        "numpy_version": "1.21.2",
        "end_time_seconds": "1717423460"
    },
    "total": 480.59552630013786,
    "count": 1,
    "self": 0.00815319991670549,
    "children": {
        "run_training.setup": {
            "total": 0.08164850017055869,
            "count": 1,
            "self": 0.08164850017055869
        },
        "TrainerController.start_learning": {
            "total": 480.5057246000506,
            "count": 1,
            "self": 0.9672275348566473,
            "children": {
                "TrainerController._reset_env": {
                    "total": 9.714735999936238,
                    "count": 1,
                    "self": 9.714735999936238
                },
                "TrainerController.advance": {
                    "total": 469.66146866511554,
                    "count": 50984,
                    "self": 0.9403601032681763,
                    "children": {
                        "env_step": {
                            "total": 326.7896942542866,
                            "count": 50984,
                            "self": 255.28137292340398,
                            "children": {
                                "SubprocessEnvManager._take_step": {
                                    "total": 70.86321810050867,
                                    "count": 50984,
                                    "self": 2.5987321194261312,
                                    "children": {
                                        "TorchPolicy.evaluate": {
                                            "total": 68.26448598108254,
                                            "count": 50984,
                                            "self": 68.26448598108254
                                        }
                                    }
                                },
                                "workers": {
                                    "total": 0.6451032303739339,
                                    "count": 50983,
                                    "self": 0.0,
                                    "children": {
                                        "worker_root": {
                                            "total": 407.8036149488762,
                                            "count": 50983,
                                            "is_parallel": true,
                                            "self": 257.6725977358874,
                                            "children": {
                                                "steps_from_proto": {
                                                    "total": 0.00036140019074082375,
                                                    "count": 1,