{
    "name": "root",
    "gauges": {
        "FollowPoints.Policy.Entropy.mean": {
            "value": 2.222130060195923,
            "min": 2.078432321548462,
            "max": 2.2944095134735107,
            "count": 10
        },
        "FollowPoints.Policy.Entropy.sum": {
            "value": 111126.5,
            "min": 60752.15625,
            "max": 114725.0625,
            "count": 10
        },
        "FollowPoints.Step.mean": {
            "value": 5099985.0,
            "min": 4649973.0,
            "max": 5099985.0,
            "count": 10
        },
        "FollowPoints.Step.sum": {
            "value": 5099985.0,
            "min": 4649973.0,
            "max": 5099985.0,
            "count": 10
        },
        "FollowPoints.Policy.ExtrinsicValueEstimate.mean": {
            "value": 1.0721662044525146,
            "min": 0.9961879849433899,
            "max": 1.1884610652923584,
            "count": 10
        },
        "FollowPoints.Policy.ExtrinsicValueEstimate.sum": {
            "value": 870.5989990234375,
            "min": 438.3227233886719,
            "max": 966.2188720703125,
            "count": 10
        },
        "FollowPoints.Environment.EpisodeLength.mean": {
            "value": 795.8412698412699,
            "min": 591.2444444444444,
            "max": 871.0172413793103,
            "count": 10
        },
        "FollowPoints.Environment.EpisodeLength.sum": {
            "value": 50138.0,
            "min": 26606.0,
            "max": 50639.0,
            "count": 10
        },
        "FollowPoints.Environment.CumulativeReward.mean": {
            "value": 9.803792607615746,
            "min": 6.995977079578572,
            "max": 11.086105801871625,
            "count": 10
        },
        "FollowPoints.Environment.CumulativeReward.sum": {
            "value": 617.638934279792,
            "min": 314.81896858103573,
            "max": 642.9941365085542,
            "count": 10
        },
        "FollowPoints.Policy.ExtrinsicReward.mean": {
            "value": 9.803792607615746,
            "min": 6.995977079578572,
            "max": 11.086105801871625,
            "count": 10
        },
        "FollowPoints.Policy.ExtrinsicReward.sum": {
            "value": 617.638934279792,
            "min": 314.81896858103573,
            "max": 642.9941365085542,
            "count": 10
        },
        "FollowPoints.Losses.PolicyLoss.mean": {
            "value": 0.04306986664809907,
            "min": 0.04306986664809907,
            "max": 0.050649652179542995,
            "count": 10
        },
        "FollowPoints.Losses.PolicyLoss.sum": {
            "value": 0.8613973329619815,
            "min": 0.4819089889371147,
            "max": 0.9623433914113169,
            "count": 10
        },
        "FollowPoints.Losses.ValueLoss.mean": {
            "value": 0.003976822512534757,
            "min": 0.003306757511794179,
            "max": 0.007280743802926226,
            "count": 10
        },
        "FollowPoints.Losses.ValueLoss.sum": {
            "value": 0.07953645025069514,
            "min": 0.05340115332316297,
            "max": 0.1383341322555983,
            "count": 10
        },
        "FollowPoints.Policy.LearningRate.mean": {
            "value": 0.0001477375092541805,
            "min": 0.0001477375092541805,
            "max": 0.00016088249237251802,
            "count": 10
        },
        "FollowPoints.Policy.LearningRate.sum": {
            "value": 0.00295475018508361,
            "min": 0.0016088249237251801,
            "max": 0.00313524320491925,
            "count": 10
        },
        "FollowPoints.Policy.Epsilon.mean": {
            "value": 0.1492458195,
            "min": 0.1492458195,
            "max": 0.153627482,
            "count": 10
        },
        "FollowPoints.Policy.Epsilon.sum": {
            "value": 2.98491639,
            "min": 1.53627482,
            "max": 3.04508075,
            "count": 10
        },
        "FollowPoints.Policy.Beta.mean": {
            "value": 0.00492965736805,
            "min": 0.00492965736805,
            "max": 0.0053673854518,
            "count": 10
        },
        "FollowPoints.Policy.Beta.sum": {
            "value": 0.098593147361,
            "min": 0.053673854518,
            "max": 0.10460356692500002,
            "count": 10
        },
        "FollowPoints.IsTraining.mean": {
            "value": 1.0,
            "min": 1.0,
            "max": 1.0,
            "count": 10
        },
        "FollowPoints.IsTraining.sum": {
            "value": 1.0,
            "min": 1.0,
            "max": 1.0,
            "count": 10
        }
    },
    "metadata": {
        "timer_format_version": "0.1.0",
        "start_time_seconds": "1720591394",
        "python_version": "3.10.0 (tags/v3.10.0:b494f59, Oct  4 2021, 19:00:18) [MSC v.1929 64 bit (AMD64)]",
        "command_line_arguments": "C:\\Unity\\PabloTrafic\\Traffic System\\venv\\Scripts\\mlagents-learn config/trainer_config.yaml --run-id=pablo10final40 --resume",
        "mlagents_version": "0.30.0",
        "mlagents_envs_version": "0.30.0",
        "communication_protocol_version": "1.5.0",
        "pytorch_version": "2.3.1+cpu",
        "numpy_version": "1.21.2",
        "end_time_seconds": "1720605080"
    },
    "total": 13685.05176609999,
    "count": 1,
    "self": 0.007410399965010583,
    "children": {
        "run_training.setup": {
            "total": 0.1074520000256598,
            "count": 1,
            "self": 0.1074520000256598
        },
        "TrainerController.start_learning": {
            "total": 13684.9369037,
            "count": 1,
            "self": 14.852161462651566,
            "children": {
                "TrainerController._reset_env": {
                    "total": 17.962252900004387,
                    "count": 1,
                    "self": 17.962252900004387
                },
                "TrainerController.advance": {
                    "total": 13651.995985737303,
                    "count": 513747,
                    "self": 6.4873880768427625,
                    "children": {
                        "env_step": {
                            "total": 13645.50859766046,
                            "count": 513747,
                            "self": 12806.700687116361,
                            "children": {
                                "SubprocessEnvManager._take_step": {
                                    "total": 831.3253149212105,
                                    "count": 513747,
                                    "self": 27.00437283841893,
                                    "children": {
                                        "TorchPolicy.evaluate": {
                                            "total": 804.3209420827916,
                                            "count": 513408,
                                            "self": 804.3209420827916
                                        }
                                    }
                                },
                                "workers": {
                                    "total": 7.482595622888766,
                                    "count": 513746,
                                    "self": 0.0,
                                    "children": {
                                        "worker_root": {
                                            "total": 13649.181567194872,
                                            "count": 513746,
                                            "is_parallel": true,
                                            "self": 1455.6347282093484,
                                            "children": {
                                                "steps_from_proto": {
                                                    "total": 0.00035820004995912313,
                                                    "count": 1,
                                                    "is_parallel": true,