{"cameraMode":{"drawMode":0,"name":"Shaded","section":"Shading Mode"},"sceneLighting":false,"audioPlay":false,"sceneViewState":{"m_AlwaysRefresh":false,"showFog":true,"showSkybox":false,"showFlares":true,"showImageEffects":true,"showParticleSystems":true,"showVisualEffectGraphs":true,"m_FxEnabled":true},"in2DMode":false,"pivot":{"x":0.5609747767448425,"y":-0.20528444647789002,"z":0.2188543975353241},"rotation":{"x":0.2750154137611389,"y":-0.19021926820278169,"z":0.05560578778386116,"w":0.9407961368560791},"size":1.064019799232483,"orthographic":false}