{"cameraMode":{"drawMode":0,"name":"Shaded","section":"Shading Mode"},"sceneLighting":false,"audioPlay":false,"sceneViewState":{"m_AlwaysRefresh":false,"showFog":true,"showSkybox":false,"showFlares":true,"showImageEffects":true,"showParticleSystems":true,"showVisualEffectGraphs":true,"m_FxEnabled":true},"in2DMode":false,"pivot":{"x":0.9002155661582947,"y":2.9236490726470949,"z":-2.375497341156006},"rotation":{"x":0.34358641505241396,"y":-0.2304312288761139,"z":0.08736322820186615,"w":0.906217634677887},"size":0.25682228803634646,"orthographic":false}