{
    "name": "root",
    "gauges": {
        "FollowPoints.Policy.Entropy.mean": {
            "value": 2.4057648181915283,
            "min": 2.197888135910034,
            "max": 2.4822099208831787,
            "count": 10
        },
        "FollowPoints.Policy.Entropy.sum": {
            "value": 120192.0078125,
            "min": 84346.9453125,
            "max": 124117.9453125,
            "count": 10
        },
        "FollowPoints.Environment.EpisodeLength.mean": {
            "value": 619.7407407407408,
            "min": 570.5833333333334,
            "max": 656.7894736842105,
            "count": 10
        },
        "FollowPoints.Environment.EpisodeLength.sum": {
            "value": 50199.0,
            "min": 34235.0,
            "max": 50349.0,
            "count": 10
        },
        "FollowPoints.Step.mean": {
            "value": 6749945.0,
            "min": 6299953.0,
            "max": 6749945.0,
            "count": 10
        },
        "FollowPoints.Step.sum": {
            "value": 6749945.0,
            "min": 6299953.0,
            "max": 6749945.0,
            "count": 10
        },
        "FollowPoints.Policy.ExtrinsicValueEstimate.mean": {
            "value": 0.9222090244293213,
            "min": 0.8450230956077576,
            "max": 1.018354892730713,
            "count": 10
        },
        "FollowPoints.Policy.ExtrinsicValueEstimate.sum": {
            "value": 746.9893188476562,
            "min": 471.52288818359375,
            "max": 827.9224853515625,
            "count": 10
        },
        "FollowPoints.Environment.CumulativeReward.mean": {
            "value": 6.99598306418615,
            "min": 6.191782176649819,
            "max": 7.969918290176889,
            "count": 10
        },
        "FollowPoints.Environment.CumulativeReward.sum": {
            "value": 566.6746281990781,
            "min": 371.50693059898913,
            "max": 610.0011506824521,
            "count": 10
        },
        "FollowPoints.Policy.ExtrinsicReward.mean": {
            "value": 6.99598306418615,
            "min": 6.191782176649819,
            "max": 7.969918290176889,
            "count": 10
        },
        "FollowPoints.Policy.ExtrinsicReward.sum": {
            "value": 566.6746281990781,
            "min": 371.50693059898913,
            "max": 610.0011506824521,
            "count": 10
        },
        "FollowPoints.Losses.PolicyLoss.mean": {
            "value": 0.046332378119328305,
            "min": 0.04612431820947677,
            "max": 0.049251923365488594,
            "count": 10
        },
        "FollowPoints.Losses.PolicyLoss.sum": {
            "value": 0.8803151842672378,
            "min": 0.6402750037513517,
            "max": 0.983069369274502,
            "count": 10
        },
        "FollowPoints.Losses.ValueLoss.mean": {
            "value": 0.0039580787106196546,
            "min": 0.00375547392264707,
            "max": 0.006323308867745493,
            "count": 10
        },
        "FollowPoints.Losses.ValueLoss.sum": {
            "value": 0.07520349550177344,
            "min": 0.06339244979705351,
            "max": 0.12014286848716436,
            "count": 10
        },
        "FollowPoints.Policy.LearningRate.mean": {
            "value": 9.826638250771947e-05,
            "min": 9.826638250771947e-05,
            "max": 0.00011148635822251693,
            "count": 10
        },
        "FollowPoints.Policy.LearningRate.sum": {
            "value": 0.00186706126764667,
            "min": 0.00144932265689272,
            "max": 0.00214499330500266,
            "count": 10
        },
        "FollowPoints.Policy.Epsilon.mean": {
            "value": 0.13275543842105264,
            "min": 0.13275543842105264,
            "max": 0.13716209846153848,
            "count": 10
        },
        "FollowPoints.Policy.Epsilon.sum": {
            "value": 2.52235333,
            "min": 1.7831072800000003,
            "max": 2.7149973399999996,
            "count": 10
        },
        "FollowPoints.Policy.Beta.mean": {
            "value": 0.0032822682982631586,
            "min": 0.0032822682982631586,
            "max": 0.003722493636307692,
            "count": 10
        },
        "FollowPoints.Policy.Beta.sum": {
            "value": 0.06236309766700001,
            "min": 0.048392417272,
            "max": 0.071628234266,
            "count": 10
        },
        "FollowPoints.IsTraining.mean": {
            "value": 1.0,
            "min": 1.0,
            "max": 1.0,
            "count": 10
        },
        "FollowPoints.IsTraining.sum": {
            "value": 1.0,
            "min": 1.0,
            "max": 1.0,
            "count": 10
        }
    },
    "metadata": {
        "timer_format_version": "0.1.0",
        "start_time_seconds": "1721000127",
        "python_version": "3.10.0 (tags/v3.10.0:b494f59, Oct  4 2021, 19:00:18) [MSC v.1929 64 bit (AMD64)]",
        "command_line_arguments": "C:\\Unity\\PabloTrafic\\Traffic System\\venv\\Scripts\\mlagents-learn config/trainer_config.yaml --run-id=SmoothPreCars2 --resume",
        "mlagents_version": "0.30.0",
        "mlagents_envs_version": "0.30.0",
        "communication_protocol_version": "1.5.0",
        "pytorch_version": "2.3.1+cpu",
        "numpy_version": "1.21.2",
        "end_time_seconds": "1721030695"
    },
    "total": 30568.400554999942,
    "count": 1,
    "self": 0.006579400040209293,
    "children": {
        "run_training.setup": {
            "total": 0.11113320000004023,
            "count": 1,
            "self": 0.11113320000004023
        },
        "TrainerController.start_learning": {
            "total": 30568.2828423999,
            "count": 1,
            "self": 12.190766077023,
            "children": {
                "TrainerController._reset_env": {
                    "total": 29.403199299937114,
                    "count": 1,
                    "self": 29.403199299937114
                },
                "TrainerController.advance": {
                    "total": 30526.616530122934,
                    "count": 524040,
                    "self": 5.249527692561969,
                    "children": {
                        "env_step": {
                            "total": 30521.367002430372,
                            "count": 524040,
                            "self": 29848.88543370762,
                            "children": {
                                "SubprocessEnvManager._take_step": {
                                    "total": 666.1728045158088,
                                    "count": 524040,
                                    "self": 20.963414184050635,
                                    "children": {
                                        "TorchPolicy.evaluate": {
                                            "total": 645.2093903317582,
                                            "count": 523626,
                                            "self": 645.2093903317582
                                        }
                                    }
                                },
                                "workers": {
                                    "total": 6.3087642069440335,
                                    "count": 524039,
                                    "self": 0.0,
                                    "children": {
                                        "worker_root": {
                                            "total": 30524.41829899687,
                                            "count": 524039,
                                            "is_parallel": true,
                                            "self": 1197.1365322149359,
                                            "children": {
                                                "steps_from_proto": {
                                                    "total": 0.004276500083506107,
                                                    "count": 1,