{
    "name": "root",
    "gauges": {
        "FollowPoints.Policy.Entropy.mean": {
            "value": 1.0477713346481323,
            "min": 1.0477713346481323,
            "max": 1.9428540468215942,
            "count": 13
        },
        "FollowPoints.Policy.Entropy.sum": {
            "value": 10502.859375,
            "min": 10502.859375,
            "max": 19562.59765625,
            "count": 13
        },
        "FollowPoints.Step.mean": {
            "value": 129997.0,
            "min": 9997.0,
            "max": 129997.0,
            "count": 13
        },
        "FollowPoints.Step.sum": {
            "value": 129997.0,
            "min": 9997.0,
            "max": 129997.0,
            "count": 13
        },
        "FollowPoints.Policy.ExtrinsicValueEstimate.mean": {
            "value": -12.12801742553711,
            "min": -12.556973457336426,
            "max": -11.437024116516113,
            "count": 13
        },
        "FollowPoints.Policy.ExtrinsicValueEstimate.sum": {
            "value": -1940.4827880859375,
            "min": -2009.11572265625,
            "max": -1829.923828125,
            "count": 13
        },
        "FollowPoints.Losses.PolicyLoss.mean": {
            "value": 0.2443814873074116,
            "min": 0.2378230709138655,
            "max": 0.2495029002439788,
            "count": 13
        },
        "FollowPoints.Losses.PolicyLoss.sum": {
            "value": 18.817374522670693,
            "min": 18.312376460367645,
            "max": 19.05334204626205,
            "count": 13
        },
        "FollowPoints.Losses.ValueLoss.mean": {
            "value": 1.103342916280181,
            "min": 1.0169802809988004,
            "max": 8.772515779220207,
            "count": 13
        },
        "FollowPoints.Losses.ValueLoss.sum": {
            "value": 84.95740455357395,
            "min": 78.30748163690764,
            "max": 675.483714999956,
            "count": 13
        },
        "FollowPoints.Policy.LearningRate.mean": {
            "value": 0.0002992497193410026,
            "min": 0.0002992497193410026,
            "max": 0.00029996959995818516,
            "count": 13
        },
        "FollowPoints.Policy.LearningRate.sum": {
            "value": 0.0230422283892572,
            "min": 0.022752108687963776,
            "max": 0.02309765919678026,
            "count": 13
        },
        "FollowPoints.Policy.Epsilon.mean": {
            "value": 0.19974990636363638,
            "min": 0.19974990636363638,
            "max": 0.19998986664935064,
            "count": 13
        },
        "FollowPoints.Policy.Epsilon.sum": {
            "value": 15.380742790000001,
            "min": 15.184036224000002,
            "max": 15.399219732,
            "count": 13
        },
        "FollowPoints.Policy.Beta.mean": {
            "value": 0.0005000000000000001,
            "min": 0.0005000000000000001,
            "max": 0.0005000000000000001,
            "count": 13
        },
        "FollowPoints.Policy.Beta.sum": {
            "value": 0.038500000000000006,
            "min": 0.038000000000000006,
            "max": 0.038500000000000006,
            "count": 13
        },
        "FollowPoints.Environment.EpisodeLength.mean": {
            "value": 1499.0,
            "min": 1499.0,
            "max": 1499.2,
            "count": 13
        },
        "FollowPoints.Environment.EpisodeLength.sum": {
            "value": 8994.0,
            "min": 7496.0,
            "max": 10493.0,
            "count": 13
        },
        "FollowPoints.Environment.CumulativeReward.mean": {
            "value": -160.14597177505493,
            "min": -188.15877046585084,
            "max": -128.69839815298715,
            "count": 13
        },
        "FollowPoints.Environment.CumulativeReward.sum": {
            "value": -960.8758306503296,
            "min": -1109.5754537582397,
            "max": -772.190388917923,
            "count": 13
        },
        "FollowPoints.Policy.ExtrinsicReward.mean": {
            "value": -160.14597177505493,
            "min": -188.15877046585084,
            "max": -128.69839815298715,
            "count": 13
        },
        "FollowPoints.Policy.ExtrinsicReward.sum": {
            "value": -960.8758306503296,
            "min": -1109.5754537582397,
            "max": -772.190388917923,
            "count": 13
        },
        "FollowPoints.IsTraining.mean": {
            "value": 1.0,
            "min": 1.0,
            "max": 1.0,
            "count": 13
        },
        "FollowPoints.IsTraining.sum": {
            "value": 1.0,
            "min": 1.0,
            "max": 1.0,
            "count": 13
        }
    },
    "metadata": {
        "timer_format_version": "0.1.0",
        "start_time_seconds": "1717421764",
        "python_version": "3.10.0 (tags/v3.10.0:b494f59, Oct  4 2021, 19:00:18) [MSC v.1929 64 bit (AMD64)]",
        "command_line_arguments": "C:\\Users\\pablo\\Desktop\\Traffic-Sytem\\Traffic System\\venv\\Scripts\\mlagents-learn config/trainer_config.yaml --run-id=Test03/06_8",
        "mlagents_version": "0.30.0",
        "mlagents_envs_version": "0.30.0",
        "communication_protocol_version": "1.5.0",
        "pytorch_version": "2.3.0+cpu",
        "numpy_version": "1.21.2",
        "end_time_seconds": "1717422938"
    },
    "total": 1173.5895926000085,
    "count": 1,
    "self": 0.009431399637833238,
    "children": {
        "run_training.setup": {
            "total": 0.08221380016766489,
            "count": 1,
            "self": 0.08221380016766489
        },
        "TrainerController.start_learning": {
            "total": 1173.497947400203,
            "count": 1,
            "self": 2.6728556191083044,
            "children": {
                "TrainerController._reset_env": {
                    "total": 14.41605670005083,
                    "count": 1,
                    "self": 14.41605670005083
                },
                "TrainerController.advance": {
                    "total": 1156.2579511809163,
                    "count": 134933,
                    "self": 2.5549525776878,
                    "children": {
                        "env_step": {
                            "total": 770.2659073157702,
                            "count": 134933,
                            "self": 574.1157092838548,
                            "children": {
                                "SubprocessEnvManager._take_step": {
                                    "total": 194.35321294236928,
                                    "count": 134934,
                                    "self": 6.951554323779419,
                                    "children": {
                                        "TorchPolicy.evaluate": {
                                            "total": 187.40165861858986,
                                            "count": 134934,
                                            "self": 187.40165861858986
                                        }
                                    }
                                },
                                "workers": {
                                    "total": 1.7969850895460695,
                                    "count": 134932,
                                    "self": 0.0,
                                    "children": {
                                        "worker_root": {
                                            "total": 1070.6315256312955,
                                            "count": 134932,
                                            "is_parallel": true,
                                            "self": 700.0206932236906,
                                            "children": {
                                                "steps_from_proto": {
                                                    "total": 0.0006792999338358641,
                                                    "count": 2,