{
    "name": "root",
    "gauges": {
        "FollowPoints.Policy.Entropy.mean": {
            "value": 0.025694187730550766,
            "min": 0.016367608681321144,
            "max": 2.09269118309021,
            "count": 145
        },
        "FollowPoints.Policy.Entropy.sum": {
            "value": 1284.63232421875,
            "min": 818.8060302734375,
            "max": 104735.0078125,
            "count": 145
        },
        "FollowPoints.Environment.EpisodeLength.mean": {
            "value": 2068.875,
            "min": 1218.5365853658536,
            "max": 4008.6666666666665,
            "count": 145
        },
        "FollowPoints.Environment.EpisodeLength.sum": {
            "value": 49653.0,
            "min": 45317.0,
            "max": 54437.0,
            "count": 145
        },
        "FollowPoints.Step.mean": {
            "value": 7249955.0,
            "min": 49984.0,
            "max": 7249955.0,
            "count": 145
        },
        "FollowPoints.Step.sum": {
            "value": 7249955.0,
            "min": 49984.0,
            "max": 7249955.0,
            "count": 145
        },
        "FollowPoints.Policy.ExtrinsicValueEstimate.mean": {
            "value": -5.872941493988037,
            "min": -35.031558990478516,
            "max": 5.446638107299805,
            "count": 145
        },
        "FollowPoints.Policy.ExtrinsicValueEstimate.sum": {
            "value": -4663.11572265625,
            "min": -27850.08984375,
            "max": 4330.0771484375,
            "count": 145
        },
        "FollowPoints.Policy.CuriosityValueEstimate.mean": {
            "value": -0.031354524195194244,
            "min": -0.08511895686388016,
            "max": 11.82865047454834,
            "count": 145
        },
        "FollowPoints.Policy.CuriosityValueEstimate.sum": {
            "value": -24.895492553710938,
            "min": -67.9249267578125,
            "max": 9380.1201171875,
            "count": 145
        },
        "FollowPoints.Environment.CumulativeReward.mean": {
            "value": -114.00416214950383,
            "min": -1485.5733444164196,
            "max": 51.65312804887071,
            "count": 145
        },
        "FollowPoints.Environment.CumulativeReward.sum": {
            "value": -2736.099891588092,
            "min": -22283.600166246295,
            "max": 1652.9000975638628,
            "count": 145
        },
        "FollowPoints.Policy.ExtrinsicReward.mean": {
            "value": -114.00416214950383,
            "min": -1485.5733444164196,
            "max": 51.65312804887071,
            "count": 145
        },
        "FollowPoints.Policy.ExtrinsicReward.sum": {
            "value": -2736.099891588092,
            "min": -22283.600166246295,
            "max": 1652.9000975638628,
            "count": 145
        },
        "FollowPoints.Policy.CuriosityReward.mean": {
            "value": 0.11809344888024498,
            "min": 0.08544705220538162,
            "max": 863.316002090772,
            "count": 145
        },
        "FollowPoints.Policy.CuriosityReward.sum": {
            "value": 2.8342427731258795,
            "min": 2.0504817467954126,
            "max": 15539.688037633896,
            "count": 145
        },
        "FollowPoints.Losses.PolicyLoss.mean": {
            "value": 0.02565890978924775,
            "min": 0.019354219814607256,
            "max": 0.028980544917673497,
            "count": 145
        },
        "FollowPoints.Losses.PolicyLoss.sum": {
            "value": 0.102635639156991,
            "min": 0.08044289267466714,
            "max": 0.1383731755272796,
            "count": 145
        },
        "FollowPoints.Losses.ValueLoss.mean": {
            "value": 69.87830273310342,
            "min": 32.550441099802654,
            "max": 107.53644784291585,
            "count": 145
        },
        "FollowPoints.Losses.ValueLoss.sum": {
            "value": 279.5132109324137,
            "min": 162.75220549901326,
            "max": 537.6822392145792,
            "count": 145
        },
        "FollowPoints.Policy.LearningRate.mean": {
            "value": 0.00029566463349512263,
            "min": 0.00029566463349512263,
            "max": 0.0002999846151051283,
            "count": 145
        },
        "FollowPoints.Policy.LearningRate.sum": {
            "value": 0.0011826585339804905,
            "min": 0.0011826585339804905,
            "max": 0.0014997844470718508,
            "count": 145
        },
        "FollowPoints.Policy.Epsilon.mean": {
            "value": 0.10000000000000003,
            "min": 0.10000000000000003,
            "max": 0.10000000000000005,
            "count": 145
        },
        "FollowPoints.Policy.Epsilon.sum": {
            "value": 0.40000000000000013,
            "min": 0.40000000000000013,
            "max": 0.5000000000000002,
            "count": 145
        },
        "FollowPoints.Policy.Beta.mean": {
            "value": 0.0005000000000000001,
            "min": 0.0005000000000000001,
            "max": 0.0005000000000000001,
            "count": 145
        },
        "FollowPoints.Policy.Beta.sum": {
            "value": 0.0020000000000000005,
            "min": 0.0020000000000000005,
            "max": 0.0025000000000000005,
            "count": 145
        },
        "FollowPoints.Losses.CuriosityForwardLoss.mean": {
            "value": 0.006177349124724667,
            "min": 0.004617918000246087,
            "max": 354.42240655024847,
            "count": 145
        },
        "FollowPoints.Losses.CuriosityForwardLoss.sum": {
            "value": 0.024709396498898667,
            "min": 0.023089590001230436,
            "max": 1417.6896262009939,
            "count": 145
        },
        "FollowPoints.Losses.CuriosityInverseLoss.mean": {
            "value": 0.02881912045025577,
            "min": 0.016534495518232384,
            "max": 2.2925989607969917,
            "count": 145
        },
        "FollowPoints.Losses.CuriosityInverseLoss.sum": {
            "value": 0.11527648180102308,
            "min": 0.08267247759116192,
            "max": 10.293005764484406,
            "count": 145
        },
        "FollowPoints.IsTraining.mean": {
            "value": 1.0,
            "min": 1.0,
            "max": 1.0,
            "count": 145
        },
        "FollowPoints.IsTraining.sum": {
            "value": 1.0,
            "min": 1.0,
            "max": 1.0,
            "count": 145
        }
    },
    "metadata": {
        "timer_format_version": "0.1.0",
        "start_time_seconds": "1717674534",
        "python_version": "3.10.0 (tags/v3.10.0:b494f59, Oct  4 2021, 19:00:18) [MSC v.1929 64 bit (AMD64)]",
        "command_line_arguments": "C:\\Users\\pablo\\Desktop\\Traffic-Sytem\\Traffic System\\venv\\Scripts\\mlagents-learn config/trainer_config.yaml --run-id=Test9Scenario1",
        "mlagents_version": "0.30.0",
        "mlagents_envs_version": "0.30.0",
        "communication_protocol_version": "1.5.0",
        "pytorch_version": "2.3.0+cpu",
        "numpy_version": "1.21.2",
        "end_time_seconds": "1717766761"
    },
    "total": 92227.08879159996,
    "count": 1,
    "self": 0.01088019972667098,
    "children": {
        "run_training.setup": {
            "total": 0.08093030005693436,
            "count": 1,
            "self": 0.08093030005693436
        },
        "TrainerController.start_learning": {
            "total": 92226.99698110018,
            "count": 1,
            "self": 168.24067648104392,
            "children": {
                "TrainerController._reset_env": {
                    "total": 29.400887900032103,
                    "count": 1,
                    "self": 29.400887900032103
                },
                "TrainerController.advance": {
                    "total": 92029.26155551919,
                    "count": 7274852,
                    "self": 159.18716807640158,