{
    "name": "root",
    "gauges": {
        "FollowPoints.Policy.Entropy.mean": {
            "value": 1.3866958618164062,
            "min": 1.3507264852523804,
            "max": 1.509159803390503,
            "count": 11
        },
        "FollowPoints.Policy.Entropy.sum": {
            "value": 69322.3125,
            "min": 63985.265625,
            "max": 75470.0625,
            "count": 11
        },
        "FollowPoints.Step.mean": {
            "value": 7849969.0,
            "min": 7349970.0,
            "max": 7849969.0,
            "count": 11
        },
        "FollowPoints.Step.sum": {
            "value": 7849969.0,
            "min": 7349970.0,
            "max": 7849969.0,
            "count": 11
        },
        "FollowPoints.Policy.ExtrinsicValueEstimate.mean": {
            "value": 1.2136703729629517,
            "min": 1.1817299127578735,
            "max": 1.2634490728378296,
            "count": 11
        },
        "FollowPoints.Policy.ExtrinsicValueEstimate.sum": {
            "value": 974.5772705078125,
            "min": 948.9291381835938,
            "max": 1008.0029296875,
            "count": 11
        },
        "FollowPoints.Environment.EpisodeLength.mean": {
            "value": 1087.1521739130435,
            "min": 781.05,
            "max": 1345.8108108108108,
            "count": 11
        },
        "FollowPoints.Environment.EpisodeLength.sum": {
            "value": 50009.0,
            "min": 46863.0,
            "max": 51095.0,
            "count": 11
        },
        "FollowPoints.Environment.CumulativeReward.mean": {
            "value": 14.279133280407658,
            "min": 10.653138960168386,
            "max": 18.50832786145809,
            "count": 11
        },
        "FollowPoints.Environment.CumulativeReward.sum": {
            "value": 656.8401308987522,
            "min": 621.4211360012414,
            "max": 684.8081308739493,
            "count": 11
        },
        "FollowPoints.Policy.ExtrinsicReward.mean": {
            "value": 14.279133280407658,
            "min": 10.653138960168386,
            "max": 18.50832786145809,
            "count": 11
        },
        "FollowPoints.Policy.ExtrinsicReward.sum": {
            "value": 656.8401308987522,
            "min": 621.4211360012414,
            "max": 684.8081308739493,
            "count": 11
        },
        "FollowPoints.Losses.PolicyLoss.mean": {
            "value": 0.04768018947836633,
            "min": 0.04602177245215627,
            "max": 0.04932738689444306,
            "count": 11
        },
        "FollowPoints.Losses.PolicyLoss.sum": {
            "value": 0.9536037895673266,
            "min": 0.8744136765909691,
            "max": 0.9813918462954461,
            "count": 11
        },
        "FollowPoints.Losses.ValueLoss.mean": {
            "value": 0.004301712669742604,
            "min": 0.0031591601167364346,
            "max": 0.00594038899616224,
            "count": 11
        },
        "FollowPoints.Losses.ValueLoss.sum": {
            "value": 0.08603425339485209,
            "min": 0.060024042217992256,
            "max": 0.11286739092708256,
            "count": 11
        },
        "FollowPoints.Policy.LearningRate.mean": {
            "value": 6.524710075099249e-05,
            "min": 6.524710075099249e-05,
            "max": 8.017973327344665e-05,
            "count": 11
        },
        "FollowPoints.Policy.LearningRate.sum": {
            "value": 0.0013049420150198499,
            "min": 0.0012685203071603898,
            "max": 0.0015149354050220298,
            "count": 11
        },
        "FollowPoints.Policy.Epsilon.mean": {
            "value": 0.12174900750000002,
            "min": 0.12174900750000002,
            "max": 0.12672655333333332,
            "count": 11
        },
        "FollowPoints.Policy.Epsilon.sum": {
            "value": 2.4349801500000003,
            "min": 2.2810779599999997,
            "max": 2.50497797,
            "count": 11
        },
        "FollowPoints.Policy.Beta.mean": {
            "value": 0.0021827258492500006,
            "min": 0.0021827258492500006,
            "max": 0.002679982678,
            "count": 11
        },
        "FollowPoints.Policy.Beta.sum": {
            "value": 0.04365451698500001,
            "min": 0.042431677039,
            "max": 0.050647299203000005,
            "count": 11
        },
        "FollowPoints.IsTraining.mean": {
            "value": 1.0,
            "min": 1.0,
            "max": 1.0,
            "count": 11
        },
        "FollowPoints.IsTraining.sum": {
            "value": 1.0,
            "min": 1.0,
            "max": 1.0,
            "count": 11
        }
    },
    "metadata": {
        "timer_format_version": "0.1.0",
        "start_time_seconds": "1720705484",
        "python_version": "3.10.0 (tags/v3.10.0:b494f59, Oct  4 2021, 19:00:18) [MSC v.1929 64 bit (AMD64)]",
        "command_line_arguments": "C:\\Users\\pablo\\Desktop\\Traffic-Sytem\\Traffic System\\venv\\Scripts\\mlagents-learn config/trainer_config.yaml --run-id=45smooth1 --resume",
        "mlagents_version": "0.30.0",
        "mlagents_envs_version": "0.30.0",
        "communication_protocol_version": "1.5.0",
        "pytorch_version": "2.3.0+cpu",
        "numpy_version": "1.21.2",
        "end_time_seconds": "1720720331"
    },
    "total": 14846.66260390007,
    "count": 1,
    "self": 0.009429299971088767,
    "children": {
        "run_training.setup": {
            "total": 0.12244180007837713,
            "count": 1,
            "self": 0.12244180007837713
        },
        "TrainerController.start_learning": {
            "total": 14846.53073280002,
            "count": 1,
            "self": 15.867558707250282,
            "children": {
                "TrainerController._reset_env": {
                    "total": 23.302170499926433,
                    "count": 1,
                    "self": 23.302170499926433
                },
                "TrainerController.advance": {
                    "total": 14807.215100092813,
                    "count": 550203,
                    "self": 6.970751852495596,
                    "children": {
                        "env_step": {
                            "total": 14800.244348240318,
                            "count": 550203,
                            "self": 13725.123498574365,
                            "children": {
                                "SubprocessEnvManager._take_step": {
                                    "total": 1066.6055649956688,
                                    "count": 550203,
                                    "self": 31.09624383575283,
                                    "children": {
                                        "TorchPolicy.evaluate": {
                                            "total": 1035.509321159916,
                                            "count": 549957,
                                            "self": 1035.509321159916
                                        }
                                    }
                                },
                                "workers": {
                                    "total": 8.515284670284018,
                                    "count": 550202,
                                    "self": 0.0,
                                    "children": {
                                        "worker_root": {
                                            "total": 14808.58522910974,
                                            "count": 550202,
                                            "is_parallel": true,
                                            "self": 1718.5954815964215,
                                            "children": {
                                                "steps_from_proto": {
                                                    "total": 0.0003978000022470951,
                                                    "count": 1,