{
    "name": "root",
    "gauges": {
        "FollowPoints.Policy.Entropy.mean": {
            "value": 1.0402084589004517,
            "min": 0.9984185695648193,
            "max": 1.4107919931411743,
            "count": 43
        },
        "FollowPoints.Policy.Entropy.sum": {
            "value": 51993.78125,
            "min": 49922.92578125,
            "max": 70566.40625,
            "count": 43
        },
        "FollowPoints.Step.mean": {
            "value": 9999943.0,
            "min": 7899961.0,
            "max": 9999943.0,
            "count": 43
        },
        "FollowPoints.Step.sum": {
            "value": 9999943.0,
            "min": 7899961.0,
            "max": 9999943.0,
            "count": 43
        },
        "FollowPoints.Policy.ExtrinsicValueEstimate.mean": {
            "value": 1.510506272315979,
            "min": 1.3119416236877441,
            "max": 1.5412296056747437,
            "count": 43
        },
        "FollowPoints.Policy.ExtrinsicValueEstimate.sum": {
            "value": 1205.384033203125,
            "min": 1024.3521728515625,
            "max": 1226.8187255859375,
            "count": 43
        },
        "FollowPoints.Environment.EpisodeLength.mean": {
            "value": 1472.939393939394,
            "min": 785.890625,
            "max": 1868.5555555555557,
            "count": 43
        },
        "FollowPoints.Environment.EpisodeLength.sum": {
            "value": 48607.0,
            "min": 46651.0,
            "max": 52785.0,
            "count": 43
        },
        "FollowPoints.Environment.CumulativeReward.mean": {
            "value": 23.830115336049914,
            "min": 12.258769176740316,
            "max": 29.33422773885023,
            "count": 43
        },
        "FollowPoints.Environment.CumulativeReward.sum": {
            "value": 786.3938060896471,
            "min": 692.2591187199578,
            "max": 817.4424090012908,
            "count": 43
        },
        "FollowPoints.Policy.ExtrinsicReward.mean": {
            "value": 23.830115336049914,
            "min": 12.258769176740316,
            "max": 29.33422773885023,
            "count": 43
        },
        "FollowPoints.Policy.ExtrinsicReward.sum": {
            "value": 786.3938060896471,
            "min": 692.2591187199578,
            "max": 817.4424090012908,
            "count": 43
        },
        "FollowPoints.Losses.PolicyLoss.mean": {
            "value": 0.046704608680835605,
            "min": 0.043333582576821766,
            "max": 0.051653709076753436,
            "count": 43
        },
        "FollowPoints.Losses.PolicyLoss.sum": {
            "value": 0.9340921736167122,
            "min": 0.8233380689596136,
            "max": 1.0033251299134767,
            "count": 43
        },
        "FollowPoints.Losses.ValueLoss.mean": {
            "value": 0.0033093610430175125,
            "min": 0.0022441810439340773,
            "max": 0.007704993759010299,
            "count": 43
        },
        "FollowPoints.Losses.ValueLoss.sum": {
            "value": 0.06618722086035025,
            "min": 0.044459094797881946,
            "max": 0.154099875180206,
            "count": 43
        },
        "FollowPoints.Policy.LearningRate.mean": {
            "value": 7.424227525589996e-07,
            "min": 7.424227525589996e-07,
            "max": 6.368400210535888e-05,
            "count": 43
        },
        "FollowPoints.Policy.LearningRate.sum": {
            "value": 1.4848455051179993e-05,
            "min": 1.4848455051179993e-05,
            "max": 0.0011850395249873602,
            "count": 43
        },
        "FollowPoints.Policy.Epsilon.mean": {
            "value": 0.100247441,
            "min": 0.100247441,
            "max": 0.12122797444444444,
            "count": 43
        },
        "FollowPoints.Policy.Epsilon.sum": {
            "value": 2.00494882,
            "min": 1.9143291800000002,
            "max": 2.39501264,
            "count": 43
        },
        "FollowPoints.Policy.Beta.mean": {
            "value": 3.47193559e-05,
            "min": 3.47193559e-05,
            "max": 0.0021306746469999995,
            "count": 43
        },
        "FollowPoints.Policy.Beta.sum": {
            "value": 0.0006943871179999999,
            "min": 0.0006943871179999999,
            "max": 0.03966176273600001,
            "count": 43
        },
        "FollowPoints.IsTraining.mean": {
            "value": 1.0,
            "min": 1.0,
            "max": 1.0,
            "count": 43
        },
        "FollowPoints.IsTraining.sum": {
            "value": 1.0,
            "min": 1.0,
            "max": 1.0,
            "count": 43
        }
    },
    "metadata": {
        "timer_format_version": "0.1.0",
        "start_time_seconds": "1720723402",
        "python_version": "3.10.0 (tags/v3.10.0:b494f59, Oct  4 2021, 19:00:18) [MSC v.1929 64 bit (AMD64)]",
        "command_line_arguments": "C:\\Users\\pablo\\Desktop\\Traffic-Sytem\\Traffic System\\venv\\Scripts\\mlagents-learn config/trainer_config.yaml --run-id=45smooth1 --resume",
        "mlagents_version": "0.30.0",
        "mlagents_envs_version": "0.30.0",
        "communication_protocol_version": "1.5.0",
        "pytorch_version": "2.3.0+cpu",
        "numpy_version": "1.21.2",
        "end_time_seconds": "1720771619"
    },
    "total": 48216.79376030015,
    "count": 1,
    "self": 0.026448100106790662,
    "children": {
        "run_training.setup": {
            "total": 0.12435980001464486,
            "count": 1,
            "self": 0.12435980001464486
        },
        "TrainerController.start_learning": {
            "total": 48216.64295240003,
            "count": 1,
            "self": 58.28910517250188,
            "children": {
                "TrainerController._reset_env": {
                    "total": 14.149921000003815,
                    "count": 1,
                    "self": 14.149921000003815
                },
                "TrainerController.advance": {
                    "total": 48144.08226542757,
                    "count": 2148244,
                    "self": 27.96686791209504,
                    "children": {
                        "env_step": {
                            "total": 48116.115397515474,
                            "count": 2148244,
                            "self": 43966.39200726664,
                            "children": {
                                "SubprocessEnvManager._take_step": {
                                    "total": 4115.981189439073,
                                    "count": 2148244,
                                    "self": 117.99212807463482,
                                    "children": {
                                        "TorchPolicy.evaluate": {
                                            "total": 3997.9890613644384,
                                            "count": 2147398,
                                            "self": 3997.9890613644384
                                        }
                                    }
                                },
                                "workers": {
                                    "total": 33.742200809763744,
                                    "count": 2148244,
                                    "self": 0.0,
                                    "children": {
                                        "worker_root": {
                                            "total": 48141.59350203979,
                                            "count": 2148244,
                                            "is_parallel": true,
                                            "self": 6665.6419332604855,
                                            "children": {
                                                "steps_from_proto": {
                                                    "total": 0.003738399827852845,
                                                    "count": 1,