{
    "name": "root",
    "gauges": {
        "FollowPoints.Policy.Entropy.mean": {
            "value": 1.2398942708969116,
            "min": 1.0956990718841553,
            "max": 2.0588080883026123,
            "count": 55
        },
        "FollowPoints.Policy.Entropy.sum": {
            "value": 62012.0703125,
            "min": 54779.4765625,
            "max": 102858.0546875,
            "count": 55
        },
        "FollowPoints.Step.mean": {
            "value": 2749989.0,
            "min": 49960.0,
            "max": 2749989.0,
            "count": 55
        },
        "FollowPoints.Step.sum": {
            "value": 2749989.0,
            "min": 49960.0,
            "max": 2749989.0,
            "count": 55
        },
        "FollowPoints.Policy.ExtrinsicValueEstimate.mean": {
            "value": 1.197933554649353,
            "min": -0.14037713408470154,
            "max": 1.765937089920044,
            "count": 55
        },
        "FollowPoints.Policy.ExtrinsicValueEstimate.sum": {
            "value": 1039.8062744140625,
            "min": -112.72283935546875,
            "max": 1425.1112060546875,
            "count": 55
        },
        "FollowPoints.Environment.EpisodeLength.mean": {
            "value": 297.9759036144578,
            "min": 190.7,
            "max": 2499.0,
            "count": 55
        },
        "FollowPoints.Environment.EpisodeLength.sum": {
            "value": 49464.0,
            "min": 48324.0,
            "max": 51284.0,
            "count": 55
        },
        "FollowPoints.Environment.CumulativeReward.mean": {
            "value": 5.0808855523691925,
            "min": -1.2359030932909059,
            "max": 6.654548156247647,
            "count": 55
        },
        "FollowPoints.Environment.CumulativeReward.sum": {
            "value": 843.427001693286,
            "min": -38.31299589201808,
            "max": 911.6170022618026,
            "count": 55
        },
        "FollowPoints.Policy.ExtrinsicReward.mean": {
            "value": 5.0808855523691925,
            "min": -1.2359030932909059,
            "max": 6.654548156247647,
            "count": 55
        },
        "FollowPoints.Policy.ExtrinsicReward.sum": {
            "value": 843.427001693286,
            "min": -38.31299589201808,
            "max": 911.6170022618026,
            "count": 55
        },
        "FollowPoints.Losses.PolicyLoss.mean": {
            "value": 0.07037735630001407,
            "min": 0.06516034858496923,
            "max": 0.07189070078857185,
            "count": 55
        },
        "FollowPoints.Losses.PolicyLoss.sum": {
            "value": 1.6890565512003377,
            "min": 1.5638483660392617,
            "max": 1.7253768189257244,
            "count": 55
        },
        "FollowPoints.Losses.ValueLoss.mean": {
            "value": 0.01726149220262919,
            "min": 0.0005237707749914635,
            "max": 0.09466553265600748,
            "count": 55
        },
        "FollowPoints.Losses.ValueLoss.sum": {
            "value": 0.4142758128631006,
            "min": 0.012570498599795124,
            "max": 2.2719727837441797,
            "count": 55
        },
        "FollowPoints.Policy.LearningRate.mean": {
            "value": 0.00021824064350312792,
            "min": 0.00021824064350312792,
            "max": 0.0002992210452596516,
            "count": 55
        },
        "FollowPoints.Policy.LearningRate.sum": {
            "value": 0.00523777544407507,
            "min": 0.00523777544407507,
            "max": 0.007181305086231639,
            "count": 55
        },
        "FollowPoints.Policy.Epsilon.mean": {
            "value": 0.1727468720833333,
            "min": 0.1727468720833333,
            "max": 0.19974034833333332,
            "count": 55
        },
        "FollowPoints.Policy.Epsilon.sum": {
            "value": 4.14592493,
            "min": 4.14592493,
            "max": 4.893722639999999,
            "count": 55
        },
        "FollowPoints.Policy.Beta.mean": {
            "value": 0.007277412521125,
            "min": 0.007277412521125,
            "max": 0.0099740607985,
            "count": 55
        },
        "FollowPoints.Policy.Beta.sum": {
            "value": 0.174657900507,
            "min": 0.174657900507,
            "max": 0.239382891736,
            "count": 55
        },
        "FollowPoints.IsTraining.mean": {
            "value": 1.0,
            "min": 1.0,
            "max": 1.0,
            "count": 55
        },
        "FollowPoints.IsTraining.sum": {
            "value": 1.0,
            "min": 1.0,
            "max": 1.0,
            "count": 55
        }
    },
    "metadata": {
        "timer_format_version": "0.1.0",
        "start_time_seconds": "1718887007",
        "python_version": "3.10.0 (tags/v3.10.0:b494f59, Oct  4 2021, 19:00:18) [MSC v.1929 64 bit (AMD64)]",
        "command_line_arguments": "C:\\Unity\\PabloTrafic\\Traffic System\\venv\\Scripts\\mlagents-learn config/trainer_config.yaml --run-id=Sam4Final",
        "mlagents_version": "0.30.0",
        "mlagents_envs_version": "0.30.0",
        "communication_protocol_version": "1.5.0",
        "pytorch_version": "2.3.1+cpu",
        "numpy_version": "1.21.2",
        "end_time_seconds": "1718976155"
    },
    "total": 89148.5698303,
    "count": 1,
    "self": 0.009665600024163723,
    "children": {
        "run_training.setup": {
            "total": 0.07316709996666759,
            "count": 1,
            "self": 0.07316709996666759
        },
        "TrainerController.start_learning": {
            "total": 89148.4869976,
            "count": 1,
            "self": 71.74717622657772,
            "children": {
                "TrainerController._reset_env": {
                    "total": 9.194332299986854,
                    "count": 1,
                    "self": 9.194332299986854
                },
                "TrainerController.advance": {
                    "total": 89067.44501287339,
                    "count": 2795705,
                    "self": 34.051390527398326,
                    "children": {
                        "env_step": {
                            "total": 89033.39362234599,
                            "count": 2795705,
                            "self": 85184.70330758614,
                            "children": {
                                "SubprocessEnvManager._take_step": {
                                    "total": 3810.711368829361,
                                    "count": 2795705,
                                    "self": 128.53148600604618,
                                    "children": {
                                        "TorchPolicy.evaluate": {
                                            "total": 3682.179882823315,
                                            "count": 2791655,
                                            "self": 3682.179882823315
                                        }
                                    }
                                },
                                "workers": {
                                    "total": 37.97894593048841,
                                    "count": 2795704,
                                    "self": 0.0,
                                    "children": {
                                        "worker_root": {
                                            "total": 89045.7637482782,
                                            "count": 2795704,
                                            "is_parallel": true,
                                            "self": 6888.575848604378,
                                            "children": {
                                                "steps_from_proto": {
                                                    "total": 0.000495100044645369,
                                                    "count": 1,
                                                    "is_parallel": true,