{
    "name": "root",
    "gauges": {
        "FollowPoints.Policy.Entropy.mean": {
            "value": 1.7541929483413696,
            "min": 1.4199460744857788,
            "max": 2.0052871704101562,
            "count": 79
        },
        "FollowPoints.Policy.Entropy.sum": {
            "value": 87723.6796875,
            "min": 71031.3828125,
            "max": 100194.171875,
            "count": 79
        },
        "FollowPoints.Step.mean": {
            "value": 3949974.0,
            "min": 49974.0,
            "max": 3949974.0,
            "count": 79
        },
        "FollowPoints.Step.sum": {
            "value": 3949974.0,
            "min": 49974.0,
            "max": 3949974.0,
            "count": 79
        },
        "FollowPoints.Policy.ExtrinsicValueEstimate.mean": {
            "value": 0.2336115688085556,
            "min": -0.9146491885185242,
            "max": 0.49127620458602905,
            "count": 79
        },
        "FollowPoints.Policy.ExtrinsicValueEstimate.sum": {
            "value": 187.590087890625,
            "min": -878.9778442382812,
            "max": 417.093505859375,
            "count": 79
        },
        "FollowPoints.Environment.EpisodeLength.mean": {
            "value": 1688.103448275862,
            "min": 52.3564567769477,
            "max": 2258.6521739130435,
            "count": 79
        },
        "FollowPoints.Environment.EpisodeLength.sum": {
            "value": 48955.0,
            "min": 48066.0,
            "max": 52254.0,
            "count": 79
        },
        "FollowPoints.Environment.CumulativeReward.mean": {
            "value": 3.8486206897630773,
            "min": 0.1116867448551109,
            "max": 3.8887878812172194,
            "count": 79
        },
        "FollowPoints.Environment.CumulativeReward.sum": {
            "value": 111.61000000312924,
            "min": 73.45000000111759,
            "max": 393.95000022277236,
            "count": 79
        },
        "FollowPoints.Policy.ExtrinsicReward.mean": {
            "value": 3.8486206897630773,
            "min": 0.1116867448551109,
            "max": 3.8887878812172194,
            "count": 79
        },
        "FollowPoints.Policy.ExtrinsicReward.sum": {
            "value": 111.61000000312924,
            "min": 73.45000000111759,
            "max": 393.95000022277236,
            "count": 79
        },
        "FollowPoints.Losses.PolicyLoss.mean": {
            "value": 0.04834389419935178,
            "min": 0.04452244571079256,
            "max": 0.053281888454384585,
            "count": 79
        },
        "FollowPoints.Losses.PolicyLoss.sum": {
            "value": 0.9668778839870357,
            "min": 0.8459264685050586,
            "max": 1.012355880633307,
            "count": 79
        },
        "FollowPoints.Losses.ValueLoss.mean": {
            "value": 0.0004203643294022185,
            "min": 0.0002059692507221674,
            "max": 0.22011974028591474,
            "count": 79
        },
        "FollowPoints.Losses.ValueLoss.sum": {
            "value": 0.00840728658804437,
            "min": 0.004119385014443348,
            "max": 4.18227506543238,
            "count": 79
        },
        "FollowPoints.Policy.LearningRate.mean": {
            "value": 0.00018224047075318949,
            "min": 0.00018224047075318949,
            "max": 0.00029922404394286265,
            "count": 79
        },
        "FollowPoints.Policy.LearningRate.sum": {
            "value": 0.00364480941506379,
            "min": 0.0034912491162505405,
            "max": 0.005924797015067669,
            "count": 79
        },
        "FollowPoints.Policy.Epsilon.mean": {
            "value": 0.1607468105,
            "min": 0.1607468105,
            "max": 0.19974134789473688,
            "count": 79
        },
        "FollowPoints.Policy.Epsilon.sum": {
            "value": 3.2149362100000003,
            "min": 3.0637494600000004,
            "max": 3.9749323300000006,
            "count": 79
        },
        "FollowPoints.Policy.Beta.mean": {
            "value": 0.00607860636895,
            "min": 0.00607860636895,
            "max": 0.00997416065468421,
            "count": 79
        },
        "FollowPoints.Policy.Beta.sum": {
            "value": 0.121572127379,
            "min": 0.11644857105400001,
            "max": 0.19749573976700002,
            "count": 79
        },
        "FollowPoints.IsTraining.mean": {
            "value": 1.0,
            "min": 1.0,
            "max": 1.0,
            "count": 79
        },
        "FollowPoints.IsTraining.sum": {
            "value": 1.0,
            "min": 1.0,
            "max": 1.0,
            "count": 79
        }
    },
    "metadata": {
        "timer_format_version": "0.1.0",
        "start_time_seconds": "1718473250",
        "python_version": "3.10.0 (tags/v3.10.0:b494f59, Oct  4 2021, 19:00:18) [MSC v.1929 64 bit (AMD64)]",
        "command_line_arguments": "C:\\Projects\\Unity\\Traffic-System-Rahul\\Traffic System\\venv\\Scripts\\mlagents-learn config/trainer_config.yaml --run-id=Rahul1Final",
        "mlagents_version": "0.30.0",
        "mlagents_envs_version": "0.30.0",
        "communication_protocol_version": "1.5.0",
        "pytorch_version": "2.3.1+cpu",
        "numpy_version": "1.21.2",
        "end_time_seconds": "1718563584"
    },
    "total": 90333.68460380001,
    "count": 1,
    "self": 0.006075400044210255,
    "children": {
        "run_training.setup": {
            "total": 0.12713109998730943,
            "count": 1,
            "self": 0.12713109998730943
        },
        "TrainerController.start_learning": {
            "total": 90333.55139729998,
            "count": 1,
            "self": 107.0011569786293,
            "children": {
                "TrainerController._reset_env": {
                    "total": 9.406234599999152,
                    "count": 1,
                    "self": 9.406234599999152
                },
                "TrainerController.advance": {
                    "total": 90217.03793242134,
                    "count": 3976936,
                    "self": 49.53788144586724,
                    "children": {
                        "env_step": {
                            "total": 90167.50005097548,
                            "count": 3976936,
                            "self": 82409.18126915925,
                            "children": {
                                "SubprocessEnvManager._take_step": {
                                    "total": 7704.077616276947,
                                    "count": 3976936,
                                    "self": 205.47756096781814,
                                    "children": {
                                        "TorchPolicy.evaluate": {
                                            "total": 7498.600055309129,
                                            "count": 3972884,
                                            "self": 7498.600055309129
                                        }
                                    }
                                },
                                "workers": {
                                    "total": 54.24116553927888,
                                    "count": 3976935,
                                    "self": 0.0,
                                    "children": {
                                        "worker_root": {
                                            "total": 90210.94932382111,
                                            "count": 3976935,
                                            "is_parallel": true,
                                            "self": 12492.220693399373,
                                            "children": {
                                                "steps_from_proto": {
                                                    "total": 0.0018057000124827027,
                                                    "count": 1,