{
    "name": "root",
    "metadata": {
        "timer_format_version": "0.1.0",
        "start_time_seconds": "1718781055",
        "python_version": "3.10.0 (tags/v3.10.0:b494f59, Oct  4 2021, 19:00:18) [MSC v.1929 64 bit (AMD64)]",
        "command_line_arguments": "C:\\Projects\\Unity\\Traffic-System-Rahul\\Traffic System\\venv\\Scripts\\mlagents-learn config/trainer_config.yaml --run-id=Rahul4Final",
        "mlagents_version": "0.30.0",
        "mlagents_envs_version": "0.30.0",
        "communication_protocol_version": "1.5.0",
        "pytorch_version": "2.3.1+cpu",
        "numpy_version": "1.21.2",
        "end_time_seconds": "1718872043"
    },
    "total": 90986.6931419,
    "count": 1,
    "self": 0.007751099998131394,
    "children": {
        "run_training.setup": {
            "total": 0.08292870002333075,
            "count": 1,
            "self": 0.08292870002333075
        },
        "TrainerController.start_learning": {
            "total": 90986.60246209998,
            "count": 1,
            "self": 89.53216441243421,
            "children": {
                "TrainerController._reset_env": {
                    "total": 7.535917000030167,
                    "count": 1,
                    "self": 7.535917000030167
                },
                "TrainerController.advance": {
                    "total": 90889.42566188751,
                    "count": 2932627,
                    "self": 43.196209148387425,
                    "children": {
                        "env_step": {
                            "total": 90846.22945273912,
                            "count": 2932627,
                            "self": 83700.37330765137,
                            "children": {
                                "SubprocessEnvManager._take_step": {
                                    "total": 7095.502171349712,
                                    "count": 2932627,
                                    "self": 186.96863841090817,
                                    "children": {
                                        "TorchPolicy.evaluate": {
                                            "total": 6908.533532938804,
                                            "count": 2930359,
                                            "self": 6908.533532938804
                                        }
                                    }
                                },
                                "workers": {
                                    "total": 50.353973738034256,
                                    "count": 2932626,
                                    "self": 0.0,
                                    "children": {
                                        "worker_root": {
                                            "total": 90748.63059933798,
                                            "count": 2932626,
                                            "is_parallel": true,
                                            "self": 11331.842321404838,
                                            "children": {
                                                "steps_from_proto": {
                                                    "total": 0.0004027000395581126,
                                                    "count": 1,
                                                    "is_parallel": true,
                                                    "self": 0.00013780000153928995,
                                                    "children": {
                                                        "_process_rank_one_or_two_observation": {
                                                            "total": 0.00026490003801882267,
                                                            "count": 6,
                                                            "is_parallel": true,
                                                            "self": 0.00026490003801882267
                                                        }
                                                    }
                                                },
                                                "UnityEnvironment.step": {
                                                    "total": 79416.7878752331,
                                                    "count": 2932626,
                                                    "is_parallel": true,
                                                    "self": 292.189962837263,
                                                    "children": {
                                                        "UnityEnvironment._generate_step_input": {
                                                            "total": 231.43142639286816,
                                                            "count": 2932626,
                                                            "is_parallel": true,
                                                            "self": 231.43142639286816
                                                        },
                                                        "communicator.exchange": {
                                                            "total": 77590.10375521122,
                                                            "count": 2932626,
                                                            "is_parallel": true,
                                                            "self": 77590.10375521122
                                                        },
                                                        "steps_from_proto": {
                                                            "total": 1303.0627307917457,
                                                            "count": 2932626,
                                                            "is_parallel": true,
                                                            "self": 606.6499147405848,
                                                            "children": {
                                                                "_process_rank_one_or_two_observation": {
                                                                    "total": 696.4128160511609,
                                                                    "count": 17595756,
                                                                    "is_parallel": true,
                                                                    "self": 696.4128160511609
                                                                }
                                                            }
                                                        }
                                                    }
                                                }
                                            }
                                        }
                                    }
                                }
                            }
                        }
                    }
                },
                "TrainerController._save_models": {
                    "total": 0.10871880000922829,
                    "count": 1,
                    "self": 0.008415599935688078,
                    "children": {
                        "RLTrainer._checkpoint": {
                            "total": 0.10030320007354021,
                            "count": 1,
                            "self": 0.10030320007354021
                        }
                    }
                }
            }
        }
    }
}