{
    "name": "root",
    "metadata": {
        "timer_format_version": "0.1.0",
        "start_time_seconds": "1719412884",
        "python_version": "3.10.0 (tags/v3.10.0:b494f59, Oct  4 2021, 19:00:18) [MSC v.1929 64 bit (AMD64)]",
        "command_line_arguments": "C:\\Users\\pablo\\Desktop\\Traffic-Sytem\\Traffic System\\venv\\Scripts\\mlagents-learn config/trainer_config.yaml --run-id=pablo5final",
        "mlagents_version": "0.30.0",
        "mlagents_envs_version": "0.30.0",
        "communication_protocol_version": "1.5.0",
        "pytorch_version": "2.3.0+cpu",
        "numpy_version": "1.21.2",
        "end_time_seconds": "1719487480"
    },
    "total": 74596.01394080001,
    "count": 1,
    "self": 0.00921780000498984,
    "children": {
        "run_training.setup": {
            "total": 0.11943930000052205,
            "count": 1,
            "self": 0.11943930000052205
        },
        "TrainerController.start_learning": {
            "total": 74595.8852837,
            "count": 1,
            "self": 28.109900096911588,
            "children": {
                "TrainerController._reset_env": {
                    "total": 24.582325800000035,
                    "count": 1,
                    "self": 24.582325800000035
                },
                "TrainerController.advance": {
                    "total": 74543.10701240308,
                    "count": 1048967,
                    "self": 13.854238401952898,
                    "children": {
                        "env_step": {
                            "total": 74529.25277400113,
                            "count": 1048967,
                            "self": 72244.72378160188,
                            "children": {
                                "SubprocessEnvManager._take_step": {
                                    "total": 2268.431792200354,
                                    "count": 1048967,
                                    "self": 59.984792197148636,
                                    "children": {
                                        "TorchPolicy.evaluate": {
                                            "total": 2208.447000003205,
                                            "count": 1040685,
                                            "self": 2208.447000003205
                                        }
                                    }
                                },
                                "workers": {
                                    "total": 16.097200198897553,
                                    "count": 1048966,
                                    "self": 0.0,
                                    "children": {
                                        "worker_root": {
                                            "total": 74474.94164350184,
                                            "count": 1048966,
                                            "is_parallel": true,
                                            "self": 3930.520444199341,
                                            "children": {
                                                "steps_from_proto": {
                                                    "total": 0.0009747000003699213,
                                                    "count": 1,
                                                    "is_parallel": true,
                                                    "self": 0.00034529999902588315,
                                                    "children": {
                                                        "_process_rank_one_or_two_observation": {
                                                            "total": 0.0006294000013440382,
                                                            "count": 8,
                                                            "is_parallel": true,
                                                            "self": 0.0006294000013440382
                                                        }
                                                    }
                                                },
                                                "UnityEnvironment.step": {
                                                    "total": 70544.4202246025,
                                                    "count": 1048966,
                                                    "is_parallel": true,
                                                    "self": 173.2222995980701,
                                                    "children": {
                                                        "UnityEnvironment._generate_step_input": {
                                                            "total": 106.61263770522783,
                                                            "count": 1048966,
                                                            "is_parallel": true,
                                                            "self": 106.61263770522783
                                                        },
                                                        "communicator.exchange": {
                                                            "total": 69582.95797409996,
                                                            "count": 1048966,
                                                            "is_parallel": true,
                                                            "self": 69582.95797409996
                                                        },
                                                        "steps_from_proto": {
                                                            "total": 681.627313199233,
                                                            "count": 1048966,
                                                            "is_parallel": true,
                                                            "self": 244.17098978975446,
                                                            "children": {
                                                                "_process_rank_one_or_two_observation": {
                                                                    "total": 437.4563234094785,
                                                                    "count": 8391728,
                                                                    "is_parallel": true,
                                                                    "self": 437.4563234094785
                                                                }
                                                            }
                                                        }
                                                    }
                                                }
                                            }
                                        }
                                    }
                                }
                            }
                        }
                    }
                },
                "TrainerController._save_models": {
                    "total": 0.08604540000669658,
                    "count": 1,
                    "self": 0.007891300003393553,
                    "children": {
                        "RLTrainer._checkpoint": {
                            "total": 0.07815410000330303,
                            "count": 1,
                            "self": 0.07815410000330303
                        }
                    }
                }
            }
        }
    }
}