{
    "name": "root",
    "gauges": {
        "FollowPoints.Policy.Entropy.mean": {
            "value": -2.3841856489070778e-07,
            "min": -2.3841856489070778e-07,
            "max": 0.03235510364174843,
            "count": 115
        },
        "FollowPoints.Policy.Entropy.sum": {
            "value": -0.011915205977857113,
            "min": -0.011934756301343441,
            "max": 1618.369873046875,
            "count": 115
        },
        "FollowPoints.Step.mean": {
            "value": 5749953.0,
            "min": 49955.0,
            "max": 5749953.0,
            "count": 115
        },
        "FollowPoints.Step.sum": {
            "value": 5749953.0,
            "min": 49955.0,
            "max": 5749953.0,
            "count": 115
        },
        "FollowPoints.Policy.ExtrinsicValueEstimate.mean": {
            "value": -3.3179354667663574,
            "min": -11.53428840637207,
            "max": 107.18257141113281,
            "count": 115
        },
        "FollowPoints.Policy.ExtrinsicValueEstimate.sum": {
            "value": -2621.1689453125,
            "min": -9112.087890625,
            "max": 84567.046875,
            "count": 115
        },
        "FollowPoints.Policy.CuriosityValueEstimate.mean": {
            "value": -0.04798333719372749,
            "min": -3.4354448318481445,
            "max": 112.2341537475586,
            "count": 115
        },
        "FollowPoints.Policy.CuriosityValueEstimate.sum": {
            "value": -37.906837463378906,
            "min": -2714.00146484375,
            "max": 88552.75,
            "count": 115
        },
        "FollowPoints.Environment.EpisodeLength.mean": {
            "value": 4943.727272727273,
            "min": 3780.153846153846,
            "max": 4999.0,
            "count": 115
        },
        "FollowPoints.Environment.EpisodeLength.sum": {
            "value": 54381.0,
            "min": 45692.0,
            "max": 54381.0,
            "count": 115
        },
        "FollowPoints.Environment.CumulativeReward.mean": {
            "value": -429.6454592279413,
            "min": -525.7200064867735,
            "max": -22.583335418254137,
            "count": 115
        },
        "FollowPoints.Environment.CumulativeReward.sum": {
            "value": -4726.100051507354,
            "min": -5257.200064867735,
            "max": -271.00002501904964,
            "count": 115
        },
        "FollowPoints.Policy.ExtrinsicReward.mean": {
            "value": -429.6454592279413,
            "min": -525.7200064867735,
            "max": -22.583335418254137,
            "count": 115
        },
        "FollowPoints.Policy.ExtrinsicReward.sum": {
            "value": -4726.100051507354,
            "min": -5257.200064867735,
            "max": -271.00002501904964,
            "count": 115
        },
        "FollowPoints.Policy.CuriosityReward.mean": {
            "value": 1.808158006213011e-12,
            "min": 1.290946514411303e-12,
            "max": 5000.0,
            "count": 115
        },
        "FollowPoints.Policy.CuriosityReward.sum": {
            "value": 1.9889738068343122e-11,
            "min": 1.500530566783544e-11,
            "max": 50000.0,
            "count": 115
        },
        "FollowPoints.Losses.PolicyLoss.mean": {
            "value": 0.035340527656350144,
            "min": 0.028657400272614153,
            "max": 0.03823321884049586,
            "count": 115
        },
        "FollowPoints.Losses.PolicyLoss.sum": {
            "value": 0.3180647489071513,
            "min": 0.2579166024535274,
            "max": 0.3802724987346058,
            "count": 115
        },
        "FollowPoints.Losses.ValueLoss.mean": {
            "value": 6.445207018625958,
            "min": 0.8006441124156117,
            "max": 1849.8430802468902,
            "count": 115
        },
        "FollowPoints.Losses.ValueLoss.sum": {
            "value": 58.00686316763362,
            "min": 8.006441124156117,
            "max": 16648.58772222201,
            "count": 115
        },
        "FollowPoints.Policy.LearningRate.mean": {
            "value": 0.00029656491681169473,
            "min": 0.00029656491681169473,
            "max": 0.000299984616005128,
            "count": 115
        },
        "FollowPoints.Policy.LearningRate.sum": {
            "value": 0.0026690842513052526,
            "min": 0.0026690842513052526,
            "max": 0.00299955375014875,
            "count": 115
        },
        "FollowPoints.Policy.Epsilon.mean": {
            "value": 0.10000000000000003,
            "min": 0.10000000000000003,
            "max": 0.10000000000000005,
            "count": 115
        },
        "FollowPoints.Policy.Epsilon.sum": {
            "value": 0.9000000000000004,
            "min": 0.9000000000000004,
            "max": 1.0000000000000004,
            "count": 115
        },
        "FollowPoints.Policy.Beta.mean": {
            "value": 0.0005000000000000001,
            "min": 0.0005000000000000001,
            "max": 0.0005000000000000002,
            "count": 115
        },
        "FollowPoints.Policy.Beta.sum": {
            "value": 0.004500000000000001,
            "min": 0.004500000000000001,
            "max": 0.005000000000000002,
            "count": 115
        },
        "FollowPoints.Losses.CuriosityForwardLoss.mean": {
            "value": 2.429342509018624e-14,
            "min": 1.7316443457597687e-14,
            "max": 613819.9748336227,
            "count": 115
        },
        "FollowPoints.Losses.CuriosityForwardLoss.sum": {
            "value": 2.1864082581167616e-13,
            "min": 1.6599289172286472e-13,
            "max": 5524379.773502604,
            "count": 115
        },
        "FollowPoints.Losses.CuriosityInverseLoss.mean": {
            "value": 0.6932744522889455,
            "min": 0.0002879197890622351,
            "max": 32.71194401493779,
            "count": 115
        },
        "FollowPoints.Losses.CuriosityInverseLoss.sum": {
            "value": 6.239470070600509,
            "min": 0.002591278101560116,
            "max": 294.4074961344401,
            "count": 115
        },
        "FollowPoints.IsTraining.mean": {
            "value": 1.0,
            "min": 1.0,
            "max": 1.0,
            "count": 115
        },
        "FollowPoints.IsTraining.sum": {
            "value": 1.0,
            "min": 1.0,
            "max": 1.0,
            "count": 115
        }
    },
    "metadata": {
        "timer_format_version": "0.1.0",
        "start_time_seconds": "1717769914",
        "python_version": "3.10.0 (tags/v3.10.0:b494f59, Oct  4 2021, 19:00:18) [MSC v.1929 64 bit (AMD64)]",
        "command_line_arguments": "C:\\Users\\pablo\\Desktop\\Traffic-Sytem\\Traffic System\\venv\\Scripts\\mlagents-learn config/trainer_config.yaml --run-id=Test10Scenario1",
        "mlagents_version": "0.30.0",
        "mlagents_envs_version": "0.30.0",
        "communication_protocol_version": "1.5.0",
        "pytorch_version": "2.3.0+cpu",
        "numpy_version": "1.21.2",
        "end_time_seconds": "1717837955"
    },
    "total": 68038.78497400018,
    "count": 1,
    "self": 0.013493900187313557,
    "children": {
        "run_training.setup": {
            "total": 0.12332920008338988,
            "count": 1,
            "self": 0.12332920008338988
        },
        "TrainerController.start_learning": {
            "total": 68038.64815089991,
            "count": 1,
            "self": 112.27826678659767,
            "children": {
                "TrainerController._reset_env": {
                    "total": 4.62044440000318,
                    "count": 1,
                    "self": 4.62044440000318
                },
                "TrainerController.advance": {
                    "total": 67921.58858391317,
                    "count": 5750785,
                    "self": 109.8575008683838,