{"count":1,"self":35690.0765696,"total":60012.4852709,"children":{"InitializeActuators":{"count":1,"self":0.00099859999999999988,"total":0.00099859999999999988,"children":null},"InitializeSensors":{"count":1,"self":0.0030101999999999998,"total":0.007526,"children":{"CreateObservableSensors":{"count":1,"self":0.0045157999999999995,"total":0.0045157999999999995,"children":null}}},"CreateObservableSensors":{"count":460195,"self":154.8838784,"total":154.8838827,"children":null},"AgentSendState":{"count":5214534,"self":249.4943232,"total":513.0298872,"children":{"CollectObservations":{"count":5214534,"self":32.4220512,"total":32.4220517,"children":null},"WriteActionMask":{"count":5214534,"self":9.4771944,"total":9.4771945,"children":null},"RequestDecision":{"count":5214534,"self":46.345379199999996,"total":221.6363175,"children":{"AgentInfo.ToProto":{"count":5214534,"self":32.6694816,"total":175.29093899999998,"children":{"GenerateSensorData":{"count":5214534,"self":119.52495359999999,"total":142.6214569,"children":{"RayPerceptionSensor.Perceive":{"count":5214534,"self":23.096504,"total":23.0965047,"children":null}}}}}}}}},"DecideAction":{"count":5214534,"self":23629.956710399998,"total":23629.957086299997,"children":null},"AgentAct":{"count":5214534,"self":23.9852752,"total":24.0005079,"children":{"AgentInfo.ToProto":{"count":402,"self":0.00096559999999999994,"total":0.0152321,"children":{"GenerateSensorData":{"count":402,"self":0.0122559,"total":0.0142665,"children":{"RayPerceptionSensor.Perceive":{"count":402,"self":0.0020106,"total":0.0020106,"children":null}}}}}}},"AgentInfo.ToProto":{"count":14492,"self":0.0858736,"total":0.5287995,"children":{"GenerateSensorData":{"count":14492,"self":0.3590083,"total":0.4429259,"children":{"RayPerceptionSensor.Perceive":{"count":14492,"self":0.0839176,"total":0.0839176,"children":null}}}}}},"gauges":{"FollowPoints.CumulativeReward":{"count":14894,"max":289.598969,"min":-6619.067,"runningAverage":119.567627,"value":206.7,"weightedAverage":186.518692}},"metadata":{"timer_format_version":"0.1.0","start_time_seconds":"1717539746","unity_version":"2022.3.10f1","command_line_arguments":"C:\\Program Files\\Unity\\Hub\\Editor\\2022.3.10f1\\Editor\\Unity.exe -projectpath C:\\Users\\pablo\\Desktop\\Traffic-Sytem\\Traffic System -useHub -hubIPC -cloudEnvironment production -licensingIpc LicenseClient-pablo -hubSessionId 6a834f06-074b-471c-896d-6375b0cc8058 -accessToken j1cQDXxqMD3CYJAiKiJCkUybZGKak87oPIaOlC71Dyw001f","communication_protocol_version":"1.5.0","com.unity.ml-agents_version":"2.0.1","scene_name":"TestCar","end_time_seconds":"1717599758"}}