{"count":1,"self":404.52736,"total":407.4736542,"children":{"InitializeActuators":{"count":1,"self":0.0015230999999999999,"total":0.0015230999999999999,"children":null},"InitializeSensors":{"count":1,"self":0.0009988,"total":0.0030218999999999997,"children":{"CreateObservableSensors":{"count":1,"self":0.0020231,"total":0.0020231,"children":null}}},"AgentSendState":{"count":7672,"self":0.40932209999999997,"total":0.4520458,"children":{"CollectObservations":{"count":3836,"self":0.0047396999999999995,"total":0.0047396999999999995,"children":null},"WriteActionMask":{"count":3836,"self":0.0076384999999999995,"total":0.0076384999999999995,"children":null},"RequestDecision":{"count":3836,"self":0.030345499999999997,"total":0.030345499999999997,"children":null}}},"DecideAction":{"count":7672,"self":2.4277398,"total":2.4748755,"children":{"RayPerceptionSensor.Perceive":{"count":7672,"self":0.047135699999999996,"total":0.047135699999999996,"children":null}}},"AgentAct":{"count":7672,"self":0.0148331,"total":0.0148331,"children":null}},"gauges":{"FollowPoints.CumulativeReward":{"count":4,"max":5.23556757,"min":1.23869348,"runningAverage":2.48745131,"value":5.23556757,"weightedAverage":2.40170956}},"metadata":{"timer_format_version":"0.1.0","start_time_seconds":"1720701757","unity_version":"2022.3.10f1","command_line_arguments":"C:\\Program Files\\Unity\\Hub\\Editor\\2022.3.10f1\\Editor\\Unity.exe -projectpath C:\\Users\\AGL-UR-QA\\Documents\\GitHub\\Traffic-Sytem\\Traffic System -useHub -hubIPC -cloudEnvironment production -licensingIpc LicenseClient-AGL-UR-QA -hubSessionId 43e25232-1498-4abe-89d0-d1cd4073a2ca -accessToken 0Fj2Yej73pnln6b1t4emYXikojjnHQIUYBD0gH-WRN4001f","communication_protocol_version":"1.5.0","com.unity.ml-agents_version":"2.0.1","scene_name":"Traffic System","end_time_seconds":"1720702164"}}