{"count":1,"self":27579.0528512,"total":55783.319634299995,"children":{"InitializeActuators":{"count":1,"self":0.0010054999999999999,"total":0.0010054999999999999,"children":null},"InitializeSensors":{"count":1,"self":0.001,"total":0.003509,"children":{"CreateObservableSensors":{"count":1,"self":0.002509,"total":0.002509,"children":null}}},"AgentSendState":{"count":4224095,"self":234.7727104,"total":302.9827242,"children":{"CollectObservations":{"count":2112048,"self":2.581254,"total":2.5812539,"children":null},"WriteActionMask":{"count":2112048,"self":2.6677106,"total":2.6677106,"children":null},"RequestDecision":{"count":2112048,"self":8.3235359999999989,"total":62.961053899999996,"children":{"AgentInfo.ToProto":{"count":2112048,"self":7.2416192,"total":54.637518199999995,"children":{"GenerateSensorData":{"count":2112048,"self":32.7566272,"total":47.3958994,"children":{"RayPerceptionSensor.Perceive":{"count":6336144,"self":14.639272,"total":14.639272,"children":null}}}}}}}}},"DecideAction":{"count":4224095,"self":27888.7596032,"total":27888.7585844,"children":null},"AgentAct":{"count":4224095,"self":12.3467184,"total":12.3467188,"children":null},"AgentInfo.ToProto":{"count":5471,"self":0.021540899999999998,"total":0.1739742,"children":{"GenerateSensorData":{"count":5471,"self":0.10032769999999999,"total":0.1524333,"children":{"RayPerceptionSensor.Perceive":{"count":16413,"self":0.052105599999999995,"total":0.052105599999999995,"children":null}}}}}},"gauges":{"FollowPoints.CumulativeReward":{"count":5471,"max":12.9551783,"min":-1.90821087,"runningAverage":4.41519165,"value":7.192632,"weightedAverage":4.03393}},"metadata":{"timer_format_version":"0.1.0","start_time_seconds":"1720729133","unity_version":"2022.3.10f1","command_line_arguments":"C:\\Program Files\\Unity\\Hub\\Editor\\2022.3.10f1\\Editor\\Unity.exe -projectpath C:\\Users\\AGL-UR-QA\\Documents\\GitHub\\Traffic-Sytem\\Traffic System -useHub -hubIPC -cloudEnvironment production -licensingIpc LicenseClient-AGL-UR-QA -hubSessionId 43e25232-1498-4abe-89d0-d1cd4073a2ca -accessToken SGhXr7oNDcJvjzIWSg9o6lUtndBMmmIPhx9kWOo0vwE001f","communication_protocol_version":"1.5.0","com.unity.ml-agents_version":"2.0.1","scene_name":"Traffic System","end_time_seconds":"1720784917"}}