{"count":1,"self":17015.309926399997,"total":42777.0037617,"children":{"InitializeActuators":{"count":1,"self":0.0020783,"total":0.0020783,"children":null},"InitializeSensors":{"count":1,"self":0.0045972999999999995,"total":0.0065993,"children":{"CreateObservableSensors":{"count":1,"self":0.002002,"total":0.002002,"children":null}}},"AgentSendState":{"count":5828451,"self":268.8946688,"total":541.2083594,"children":{"CollectObservations":{"count":5828451,"self":28.212470399999997,"total":28.2124715,"children":null},"WriteActionMask":{"count":5828451,"self":9.764368,"total":9.7643676,"children":null},"RequestDecision":{"count":5828451,"self":49.823712,"total":234.3368557,"children":{"AgentInfo.ToProto":{"count":5828451,"self":33.7051168,"total":184.5131433,"children":{"GenerateSensorData":{"count":5828451,"self":126.8860928,"total":150.8080262,"children":{"RayPerceptionSensor.Perceive":{"count":5828451,"self":23.9219296,"total":23.921929,"children":null}}}}}}}}},"DecideAction":{"count":5828451,"self":25155.331686399997,"total":25155.331620099998,"children":null},"AgentAct":{"count":5828451,"self":64.9985664,"total":64.9985643,"children":null},"AgentInfo.ToProto":{"count":3885,"self":0.0360611,"total":0.14522,"children":{"GenerateSensorData":{"count":3885,"self":0.0855534,"total":0.10915889999999999,"children":{"RayPerceptionSensor.Perceive":{"count":3885,"self":0.023605499999999998,"total":0.023605499999999998,"children":null}}}}}},"gauges":{"FollowPoints.CumulativeReward":{"count":3885,"max":944.927,"min":-7814.02344,"runningAverage":-2051.81055,"value":-1014.39081,"weightedAverage":-930.394165}},"metadata":{"timer_format_version":"0.1.0","start_time_seconds":"1717453878","unity_version":"2022.3.10f1","command_line_arguments":"C:\\Program Files\\Unity\\Hub\\Editor\\2022.3.10f1\\Editor\\Unity.exe -projectpath C:\\Users\\pablo\\Desktop\\Traffic-Sytem\\Traffic System -useHub -hubIPC -cloudEnvironment production -licensingIpc LicenseClient-pablo -hubSessionId 6a834f06-074b-471c-896d-6375b0cc8058 -accessToken j1cQDXxqMD3CYJAiKiJCkUybZGKak87oPIaOlC71Dyw001f","communication_protocol_version":"1.5.0","com.unity.ml-agents_version":"2.0.1","scene_name":"Traffic System","end_time_seconds":"1717496655"}}