{"count":1,"self":86941.6501248,"total":95866.3407014,"children":{"InitializeActuators":{"count":1,"self":0.0019952999999999998,"total":0.0019952999999999998,"children":null},"InitializeSensors":{"count":1,"self":0.0029898999999999998,"total":0.0078583,"children":{"CreateObservableSensors":{"count":1,"self":0.0048684,"total":0.0048684,"children":null}}},"CreateObservableSensors":{"count":1202272,"self":425.2665856,"total":425.26657339999997,"children":null},"AgentSendState":{"count":3476620,"self":271.20473599999997,"total":404.5872305,"children":{"CollectObservations":{"count":1738310,"self":5.5653815999999994,"total":5.5653815999999994,"children":null},"WriteActionMask":{"count":1738310,"self":3.9260615999999997,"total":3.9260614,"children":null},"RequestDecision":{"count":1738310,"self":19.8890048,"total":123.891047,"children":{"AgentInfo.ToProto":{"count":1738310,"self":12.2336744,"total":104.0020418,"children":{"GenerateSensorData":{"count":1738310,"self":65.973990399999991,"total":91.768367599999991,"children":{"RayPerceptionSensor.Perceive":{"count":3476620,"self":25.794379199999998,"total":25.7943797,"children":null}}}}}}}}},"DecideAction":{"count":3476620,"self":8074.4996863999995,"total":8074.4998639,"children":null},"AgentAct":{"count":3476620,"self":20.0350112,"total":20.0350106,"children":null},"AgentInfo.ToProto":{"count":4241,"self":0.0392273,"total":0.28863269999999996,"children":{"GenerateSensorData":{"count":4241,"self":0.178815,"total":0.2494054,"children":{"RayPerceptionSensor.Perceive":{"count":8482,"self":0.0705904,"total":0.0705904,"children":null}}}}}},"gauges":{"FollowPoints.CumulativeReward":{"count":4241,"max":13.5264893,"min":-0.08379983,"runningAverage":8.496213,"value":9.601593,"weightedAverage":8.575626}},"metadata":{"timer_format_version":"0.1.0","start_time_seconds":"1722846802","unity_version":"2022.3.10f1","command_line_arguments":"C:\\Program Files\\Unity\\Hub\\Editor\\2022.3.10f1\\Editor\\Unity.exe -projectpath C:\\Users\\pablo\\Desktop\\Traffic-Sytem\\Traffic System -useHub -hubIPC -cloudEnvironment production -licensingIpc LicenseClient-pablo -hubSessionId 8bc8e89b-0b19-4f7c-a12f-5816b5ab39ba -accessToken vWnG7QhR-Uq06Ccc0kT0ulibl06x0dh6xAOdYyolJpU001f","communication_protocol_version":"1.5.0","com.unity.ml-agents_version":"2.0.1","scene_name":"Traffic System","end_time_seconds":"1722942668"}}