{
    "name": "root",
    "gauges": {
        "FollowPoints.Policy.Entropy.mean": {
            "value": 3.1059892080520513e-06,
            "min": 9.374801948069944e-07,
            "max": 2.1015424728393555,
            "count": 60
        },
        "FollowPoints.Policy.Entropy.sum": {
            "value": 0.15529945492744446,
            "min": 0.04687400907278061,
            "max": 105184.296875,
            "count": 60
        },
        "FollowPoints.Step.mean": {
            "value": 2999941.0,
            "min": 49984.0,
            "max": 2999941.0,
            "count": 60
        },
        "FollowPoints.Step.sum": {
            "value": 2999941.0,
            "min": 49984.0,
            "max": 2999941.0,
            "count": 60
        },
        "FollowPoints.Policy.ExtrinsicValueEstimate.mean": {
            "value": 2.8549216040119063e-06,
            "min": -1.7588787078857422,
            "max": 0.3070248067378998,
            "count": 60
        },
        "FollowPoints.Policy.ExtrinsicValueEstimate.sum": {
            "value": 0.0022839372977614403,
            "min": -1561.88427734375,
            "max": 249.30413818359375,
            "count": 60
        },
        "FollowPoints.Environment.EpisodeLength.mean": {
            "value": 2499.0,
            "min": 79.97572815533981,
            "max": 2499.0,
            "count": 60
        },
        "FollowPoints.Environment.EpisodeLength.sum": {
            "value": 49980.0,
            "min": 47580.0,
            "max": 52272.0,
            "count": 60
        },
        "FollowPoints.Environment.CumulativeReward.mean": {
            "value": 0.0,
            "min": 0.0,
            "max": 3.962500001490116,
            "count": 60
        },
        "FollowPoints.Environment.CumulativeReward.sum": {
            "value": 0.0,
            "min": 0.0,
            "max": 291.78000015579164,
            "count": 60
        },
        "FollowPoints.Policy.ExtrinsicReward.mean": {
            "value": 0.0,
            "min": 0.0,
            "max": 3.962500001490116,
            "count": 60
        },
        "FollowPoints.Policy.ExtrinsicReward.sum": {
            "value": 0.0,
            "min": 0.0,
            "max": 291.78000015579164,
            "count": 60
        },
        "FollowPoints.Losses.PolicyLoss.mean": {
            "value": 0.04872871922704865,
            "min": 0.04421582323940177,
            "max": 0.050778366465431955,
            "count": 60
        },
        "FollowPoints.Losses.PolicyLoss.sum": {
            "value": 0.9258456653139243,
            "min": 0.8401006415486336,
            "max": 1.0155673293086391,
            "count": 60
        },
        "FollowPoints.Losses.ValueLoss.mean": {
            "value": 6.50720546177628e-12,
            "min": 4.1893121341590034e-12,
            "max": 0.1594531191412355,
            "count": 60
        },
        "FollowPoints.Losses.ValueLoss.sum": {
            "value": 1.2363690377374932e-10,
            "min": 7.959693054902106e-11,
            "max": 3.0296092636834744,
            "count": 60
        },
        "FollowPoints.Policy.LearningRate.mean": {
            "value": 0.00028099726975069,
            "min": 0.00028099726975069,
            "max": 0.00039896801920536373,
            "count": 60
        },
        "FollowPoints.Policy.LearningRate.sum": {
            "value": 0.00533894812526311,
            "min": 0.00533894812526311,
            "max": 0.007860293874926538,
            "count": 60
        },
        "FollowPoints.Policy.Epsilon.mean": {
            "value": 0.17024931000000001,
            "min": 0.17024931000000001,
            "max": 0.19974200473684214,
            "count": 60
        },
        "FollowPoints.Policy.Epsilon.sum": {
            "value": 3.23473689,
            "min": 3.23473689,
            "max": 3.9650734600000006,
            "count": 60
        },
        "FollowPoints.Policy.Beta.mean": {
            "value": 0.007027906068999999,
            "min": 0.007027906068999999,
            "max": 0.009974226273210526,
            "count": 60
        },
        "FollowPoints.Policy.Beta.sum": {
            "value": 0.13353021531099998,
            "min": 0.13353021531099998,
            "max": 0.19651083865399996,
            "count": 60
        },
        "FollowPoints.IsTraining.mean": {
            "value": 1.0,
            "min": 1.0,
            "max": 1.0,
            "count": 60
        },
        "FollowPoints.IsTraining.sum": {
            "value": 1.0,
            "min": 1.0,
            "max": 1.0,
            "count": 60
        }
    },
    "metadata": {
        "timer_format_version": "0.1.0",
        "start_time_seconds": "1718640187",
        "python_version": "3.10.0 (tags/v3.10.0:b494f59, Oct  4 2021, 19:00:18) [MSC v.1929 64 bit (AMD64)]",
        "command_line_arguments": "C:\\Projects\\Unity\\Traffic-System-Rahul\\Traffic System\\venv\\Scripts\\mlagents-learn config/trainer_config.yaml --run-id=Rahul3Final",
        "mlagents_version": "0.30.0",
        "mlagents_envs_version": "0.30.0",
        "communication_protocol_version": "1.5.0",
        "pytorch_version": "2.3.1+cpu",
        "numpy_version": "1.21.2",
        "end_time_seconds": "1718722325"
    },
    "total": 82135.50193620002,
    "count": 1,
    "self": 0.0060745999799109995,
    "children": {
        "run_training.setup": {
            "total": 0.09320709999883547,
            "count": 1,
            "self": 0.09320709999883547
        },
        "TrainerController.start_learning": {
            "total": 82135.40265450004,
            "count": 1,
            "self": 94.07336694706464,
            "children": {
                "TrainerController._reset_env": {
                    "total": 16.56179130001692,
                    "count": 1,
                    "self": 16.56179130001692
                },
                "TrainerController.advance": {
                    "total": 82024.63556775288,
                    "count": 3031806,
                    "self": 45.45867707359139,
                    "children": {
                        "env_step": {
                            "total": 81979.17689067929,
                            "count": 3031806,
                            "self": 71753.19471163035,
                            "children": {
                                "SubprocessEnvManager._take_step": {
                                    "total": 10174.999926935881,
                                    "count": 3031806,
                                    "self": 200.67182019894244,
                                    "children": {
                                        "TorchPolicy.evaluate": {
                                            "total": 9974.328106736939,
                                            "count": 3030407,
                                            "self": 9974.328106736939
                                        }
                                    }
                                },
                                "workers": {
                                    "total": 50.98225211305544,
                                    "count": 3031805,
                                    "self": 0.0,
                                    "children": {
                                        "worker_root": {
                                            "total": 82015.4551978751,
                                            "count": 3031805,
                                            "is_parallel": true,
                                            "self": 14487.631876805273,
                                            "children": {
                                                "steps_from_proto": {
                                                    "total": 0.0004045999958179891,
                                                    "count": 1,
                                                    "is_parallel": true,