{
    "name": "root",
    "gauges": {
        "FollowPoints.Policy.Entropy.mean": {
            "value": 0.35759076476097107,
            "min": 0.3439295291900635,
            "max": 0.6249591708183289,
            "count": 42
        },
        "FollowPoints.Policy.Entropy.sum": {
            "value": 17880.96875,
            "min": 9538.126953125,
            "max": 25508.630859375,
            "count": 42
        },
        "FollowPoints.Step.mean": {
            "value": 9999990.0,
            "min": 7949981.0,
            "max": 9999990.0,
            "count": 42
        },
        "FollowPoints.Step.sum": {
            "value": 9999990.0,
            "min": 7949981.0,
            "max": 9999990.0,
            "count": 42
        },
        "FollowPoints.Policy.ExtrinsicValueEstimate.mean": {
            "value": 1.4338772296905518,
            "min": 1.1404402256011963,
            "max": 1.454018235206604,
            "count": 42
        },
        "FollowPoints.Policy.ExtrinsicValueEstimate.sum": {
            "value": 1164.308349609375,
            "min": 286.25048828125,
            "max": 1183.57080078125,
            "count": 42
        },
        "FollowPoints.Environment.EpisodeLength.mean": {
            "value": 832.4,
            "min": 563.8076923076923,
            "max": 910.0181818181818,
            "count": 42
        },
        "FollowPoints.Environment.EpisodeLength.sum": {
            "value": 49944.0,
            "min": 14659.0,
            "max": 50745.0,
            "count": 42
        },
        "FollowPoints.Environment.CumulativeReward.mean": {
            "value": 13.688283363605539,
            "min": 7.05515387826241,
            "max": 14.849363662912086,
            "count": 42
        },
        "FollowPoints.Environment.CumulativeReward.sum": {
            "value": 821.2970018163323,
            "min": 183.43400083482265,
            "max": 831.447000939399,
            "count": 42
        },
        "FollowPoints.Policy.ExtrinsicReward.mean": {
            "value": 13.688283363605539,
            "min": 7.05515387826241,
            "max": 14.849363662912086,
            "count": 42
        },
        "FollowPoints.Policy.ExtrinsicReward.sum": {
            "value": 821.2970018163323,
            "min": 183.43400083482265,
            "max": 831.447000939399,
            "count": 42
        },
        "FollowPoints.Losses.PolicyLoss.mean": {
            "value": 0.04958573834635644,
            "min": 0.04339409473825965,
            "max": 0.04958573834635644,
            "count": 42
        },
        "FollowPoints.Losses.PolicyLoss.sum": {
            "value": 0.9421290285807724,
            "min": 0.24106614949802557,
            "max": 0.9840758300192343,
            "count": 42
        },
        "FollowPoints.Losses.ValueLoss.mean": {
            "value": 0.003984393178803944,
            "min": 0.0026527030802875134,
            "max": 0.012139600057465335,
            "count": 42
        },
        "FollowPoints.Losses.ValueLoss.sum": {
            "value": 0.07570347039727493,
            "min": 0.05305406160575027,
            "max": 0.12054091185952226,
            "count": 42
        },
        "FollowPoints.Policy.LearningRate.mean": {
            "value": 7.627944826105247e-07,
            "min": 7.627944826105247e-07,
            "max": 6.172447942519997e-05,
            "count": 42
        },
        "FollowPoints.Policy.LearningRate.sum": {
            "value": 1.449309516959997e-05,
            "min": 1.449309516959997e-05,
            "max": 0.0012150648349789198,
            "count": 42
        },
        "FollowPoints.Policy.Epsilon.mean": {
            "value": 0.10025423157894738,
            "min": 0.10025423157894738,
            "max": 0.12057480000000001,
            "count": 42
        },
        "FollowPoints.Policy.Epsilon.sum": {
            "value": 1.9048304000000003,
            "min": 0.602874,
            "max": 2.40502108,
            "count": 42
        },
        "FollowPoints.Policy.Beta.mean": {
            "value": 3.539773473684206e-05,
            "min": 3.539773473684206e-05,
            "max": 0.00206542252,
            "count": 42
        },
        "FollowPoints.Policy.Beta.sum": {
            "value": 0.0006725569599999991,
            "min": 0.0006725569599999991,
            "max": 0.040661605892000005,
            "count": 42
        },
        "FollowPoints.IsTraining.mean": {
            "value": 1.0,
            "min": 1.0,
            "max": 1.0,
            "count": 42
        },
        "FollowPoints.IsTraining.sum": {
            "value": 1.0,
            "min": 1.0,
            "max": 1.0,
            "count": 42
        }
    },
    "metadata": {
        "timer_format_version": "0.1.0",
        "start_time_seconds": "1719156853",
        "python_version": "3.10.0 (tags/v3.10.0:b494f59, Oct  4 2021, 19:00:18) [MSC v.1929 64 bit (AMD64)]",
        "command_line_arguments": "C:\\Projects\\Unity\\Traffic-System-Rahul\\Traffic System\\venv\\Scripts\\mlagents-learn config/trainer_config.yaml --run-id=Rahul5Final --resume",
        "mlagents_version": "0.30.0",
        "mlagents_envs_version": "0.30.0",
        "communication_protocol_version": "1.5.0",
        "pytorch_version": "2.3.1+cpu",
        "numpy_version": "1.21.2",
        "end_time_seconds": "1719181875"
    },
    "total": 25022.007948300103,
    "count": 1,
    "self": 0.012167300214059651,
    "children": {
        "run_training.setup": {
            "total": 0.09190599992871284,
            "count": 1,
            "self": 0.09190599992871284
        },
        "TrainerController.start_learning": {
            "total": 25021.90387499996,
            "count": 1,
            "self": 59.89075641729869,
            "children": {
                "TrainerController._reset_env": {
                    "total": 16.965817700023763,
                    "count": 1,
                    "self": 16.965817700023763
                },
                "TrainerController.advance": {
                    "total": 24944.918799782638,
                    "count": 2066508,
                    "self": 30.499555325950496,
                    "children": {
                        "env_step": {
                            "total": 24914.419244456687,
                            "count": 2066508,
                            "self": 20032.750618718448,
                            "children": {
                                "SubprocessEnvManager._take_step": {
                                    "total": 4847.809973450028,
                                    "count": 2066508,
                                    "self": 125.90663964813575,
                                    "children": {
                                        "TorchPolicy.evaluate": {
                                            "total": 4721.903333801893,
                                            "count": 2065274,
                                            "self": 4721.903333801893
                                        }
                                    }
                                },
                                "workers": {
                                    "total": 33.85865228821058,
                                    "count": 2066508,
                                    "self": 0.0,
                                    "children": {
                                        "worker_root": {
                                            "total": 24937.137185559957,
                                            "count": 2066508,
                                            "is_parallel": true,
                                            "self": 7610.101457296754,
                                            "children": {
                                                "steps_from_proto": {
                                                    "total": 0.0003296000650152564,
                                                    "count": 1,