{
    "name": "root",
    "gauges": {
        "FollowPoints.Policy.Entropy.mean": {
            "value": 1.706176996231079,
            "min": 1.6841753721237183,
            "max": 2.125227928161621,
            "count": 13
        },
        "FollowPoints.Policy.Entropy.sum": {
            "value": 85373.6875,
            "min": 84181.8203125,
            "max": 106378.28125,
            "count": 13
        },
        "FollowPoints.Step.mean": {
            "value": 649990.0,
            "min": 49991.0,
            "max": 649990.0,
            "count": 13
        },
        "FollowPoints.Step.sum": {
            "value": 649990.0,
            "min": 49991.0,
            "max": 649990.0,
            "count": 13
        },
        "FollowPoints.Policy.ExtrinsicValueEstimate.mean": {
            "value": 3.833819627761841,
            "min": 1.3758761882781982,
            "max": 4.062241554260254,
            "count": 13
        },
        "FollowPoints.Policy.ExtrinsicValueEstimate.sum": {
            "value": 4247.8720703125,
            "min": 1293.3236083984375,
            "max": 4533.46142578125,
            "count": 13
        },
        "FollowPoints.Environment.EpisodeLength.mean": {
            "value": 66.4412955465587,
            "min": 64.74342105263158,
            "max": 155.89274447949526,
            "count": 13
        },
        "FollowPoints.Environment.EpisodeLength.sum": {
            "value": 49233.0,
            "min": 49205.0,
            "max": 49719.0,
            "count": 13
        },
        "FollowPoints.Environment.CumulativeReward.mean": {
            "value": 5.459637466393853,
            "min": 1.0491987639422637,
            "max": 5.479994667552411,
            "count": 13
        },
        "FollowPoints.Environment.CumulativeReward.sum": {
            "value": 4051.051000064239,
            "min": 332.5960081696976,
            "max": 4109.996000664309,
            "count": 13
        },
        "FollowPoints.Policy.ExtrinsicReward.mean": {
            "value": 5.459637466393853,
            "min": 1.0491987639422637,
            "max": 5.479994667552411,
            "count": 13
        },
        "FollowPoints.Policy.ExtrinsicReward.sum": {
            "value": 4051.051000064239,
            "min": 332.5960081696976,
            "max": 4109.996000664309,
            "count": 13
        },
        "FollowPoints.Losses.PolicyLoss.mean": {
            "value": 0.06532450336999318,
            "min": 0.06532450336999318,
            "max": 0.07021247604350518,
            "count": 13
        },
        "FollowPoints.Losses.PolicyLoss.sum": {
            "value": 1.5677880808798363,
            "min": 1.5677880808798363,
            "max": 1.7317286244991312,
            "count": 13
        },
        "FollowPoints.Losses.ValueLoss.mean": {
            "value": 0.10987084129212438,
            "min": 0.06690312058183027,
            "max": 0.42189346498344094,
            "count": 13
        },
        "FollowPoints.Losses.ValueLoss.sum": {
            "value": 2.636900191010985,
            "min": 1.6056748939639265,
            "max": 10.125443159602582,
            "count": 13
        },
        "FollowPoints.Policy.LearningRate.mean": {
            "value": 0.00028126366749544625,
            "min": 0.00028126366749544625,
            "max": 0.0002992488054677896,
            "count": 13
        },
        "FollowPoints.Policy.LearningRate.sum": {
            "value": 0.00675032801989071,
            "min": 0.00675032801989071,
            "max": 0.00740627160124281,
            "count": 13
        },
        "FollowPoints.Policy.Epsilon.mean": {
            "value": 0.19375455375000003,
            "min": 0.19375455375000003,
            "max": 0.19974960173913048,
            "count": 13
        },
        "FollowPoints.Policy.Epsilon.sum": {
            "value": 4.6501092900000005,
            "min": 4.594240840000001,
            "max": 4.968757190000001,
            "count": 13
        },
        "FollowPoints.Policy.Beta.mean": {
            "value": 0.009376079919625,
            "min": 0.009376079919625,
            "max": 0.00997498521373913,
            "count": 13
        },
        "FollowPoints.Policy.Beta.sum": {
            "value": 0.225025918071,
            "min": 0.225025918071,
            "max": 0.246878843281,
            "count": 13
        },
        "FollowPoints.IsTraining.mean": {
            "value": 1.0,
            "min": 1.0,
            "max": 1.0,
            "count": 13
        },
        "FollowPoints.IsTraining.sum": {
            "value": 1.0,
            "min": 1.0,
            "max": 1.0,
            "count": 13
        }
    },
    "metadata": {
        "timer_format_version": "0.1.0",
        "start_time_seconds": "1718374365",
        "python_version": "3.10.0 (tags/v3.10.0:b494f59, Oct  4 2021, 19:00:18) [MSC v.1929 64 bit (AMD64)]",
        "command_line_arguments": "C:\\Projects\\Unity\\Traffic-System-Rahul\\Traffic System\\venv\\Scripts\\mlagents-learn config/trainer_config.yaml --run-id=rahul1scenario2",
        "mlagents_version": "0.30.0",
        "mlagents_envs_version": "0.30.0",
        "communication_protocol_version": "1.5.0",
        "pytorch_version": "2.3.1+cpu",
        "numpy_version": "1.21.2",
        "end_time_seconds": "1718383047"
    },
    "total": 8682.190836499998,
    "count": 1,
    "self": 0.004143699974520132,
    "children": {
        "run_training.setup": {
            "total": 0.10448430001270026,
            "count": 1,
            "self": 0.10448430001270026
        },
        "TrainerController.start_learning": {
            "total": 8682.08220850001,
            "count": 1,
            "self": 18.396751820575446,
            "children": {
                "TrainerController._reset_env": {
                    "total": 19.88444769999478,
                    "count": 1,
                    "self": 19.88444769999478
                },
                "TrainerController.advance": {
                    "total": 8643.739112279436,
                    "count": 680609,
                    "self": 8.825790172588313,
                    "children": {
                        "env_step": {
                            "total": 8634.913322106848,
                            "count": 680609,
                            "self": 7264.904707208974,
                            "children": {
                                "SubprocessEnvManager._take_step": {
                                    "total": 1360.1253689998994,
                                    "count": 680609,
                                    "self": 39.00937037807307,
                                    "children": {
                                        "TorchPolicy.evaluate": {
                                            "total": 1321.1159986218263,
                                            "count": 676266,
                                            "self": 1321.1159986218263
                                        }
                                    }
                                },
                                "workers": {
                                    "total": 9.88324589797412,
                                    "count": 680608,
                                    "self": 0.0,
                                    "children": {
                                        "worker_root": {
                                            "total": 8641.839110302622,
                                            "count": 680608,
                                            "is_parallel": true,
                                            "self": 2245.2074010903307,
                                            "children": {
                                                "steps_from_proto": {
                                                    "total": 0.00034860000596381724,
                                                    "count": 1,