{
    "name": "root",
    "gauges": {
        "FollowPoints.Policy.Entropy.mean": {
            "value": 1.8385626077651978,
            "min": 1.5068864822387695,
            "max": 2.1751821041107178,
            "count": 42
        },
        "FollowPoints.Policy.Entropy.sum": {
            "value": 91920.7734375,
            "min": 75336.7890625,
            "max": 108861.3359375,
            "count": 42
        },
        "FollowPoints.Step.mean": {
            "value": 2099984.0,
            "min": 49983.0,
            "max": 2099984.0,
            "count": 42
        },
        "FollowPoints.Step.sum": {
            "value": 2099984.0,
            "min": 49983.0,
            "max": 2099984.0,
            "count": 42
        },
        "FollowPoints.Policy.ExtrinsicValueEstimate.mean": {
            "value": 0.026047561317682266,
            "min": -0.2891278564929962,
            "max": 0.03227478265762329,
            "count": 42
        },
        "FollowPoints.Policy.ExtrinsicValueEstimate.sum": {
            "value": 20.629669189453125,
            "min": -228.4110107421875,
            "max": 25.49707794189453,
            "count": 42
        },
        "FollowPoints.Policy.CuriosityValueEstimate.mean": {
            "value": 0.021312445402145386,
            "min": 0.01043519377708435,
            "max": 2.0803396701812744,
            "count": 42
        },
        "FollowPoints.Policy.CuriosityValueEstimate.sum": {
            "value": 16.879457473754883,
            "min": 8.264673233032227,
            "max": 1643.46826171875,
            "count": 42
        },
        "FollowPoints.Losses.PolicyLoss.mean": {
            "value": 0.04363196248638247,
            "min": 0.039145796907139305,
            "max": 0.04808299176848791,
            "count": 42
        },
        "FollowPoints.Losses.PolicyLoss.sum": {
            "value": 2.0070702743735938,
            "min": 1.8398524546355475,
            "max": 2.211817621350444,
            "count": 42
        },
        "FollowPoints.Losses.ValueLoss.mean": {
            "value": 0.0004260654776462089,
            "min": 7.576507776849721e-05,
            "max": 0.318318082518248,
            "count": 42
        },
        "FollowPoints.Losses.ValueLoss.sum": {
            "value": 0.01959901197172561,
            "min": 0.0035609586551193693,
            "max": 14.642631795839408,
            "count": 42
        },
        "FollowPoints.Policy.LearningRate.mean": {
            "value": 0.00029875486332808917,
            "min": 0.00029875486332808917,
            "max": 0.00029998482183114637,
            "count": 42
        },
        "FollowPoints.Policy.LearningRate.sum": {
            "value": 0.013742723713092101,
            "min": 0.013742723713092101,
            "max": 0.014097877506707499,
            "count": 42
        },
        "FollowPoints.Policy.Epsilon.mean": {
            "value": 0.09999999999999998,
            "min": 0.09999999999999996,
            "max": 0.09999999999999998,
            "count": 42
        },
        "FollowPoints.Policy.Epsilon.sum": {
            "value": 4.599999999999999,
            "min": 4.599999999999999,
            "max": 4.699999999999998,
            "count": 42
        },
        "FollowPoints.Policy.Beta.mean": {
            "value": 0.004999999999999999,
            "min": 0.004999999999999999,
            "max": 0.005,
            "count": 42
        },
        "FollowPoints.Policy.Beta.sum": {
            "value": 0.22999999999999998,
            "min": 0.22999999999999998,
            "max": 0.235,
            "count": 42
        },
        "FollowPoints.Losses.CuriosityForwardLoss.mean": {
            "value": 0.004931370518718631,
            "min": 0.0027190871352613865,
            "max": 0.6303946062436568,
            "count": 42
        },
        "FollowPoints.Losses.CuriosityForwardLoss.sum": {
            "value": 0.226843043861057,
            "min": 0.12779709535728517,
            "max": 28.998151887208216,
            "count": 42
        },
        "FollowPoints.Losses.CuriosityInverseLoss.mean": {
            "value": 1.8457895418008168,
            "min": 1.519102019676264,
            "max": 2.1783073574736505,
            "count": 42
        },
        "FollowPoints.Losses.CuriosityInverseLoss.sum": {
            "value": 84.90631892283757,
            "min": 69.87869290510814,
            "max": 100.20213844378792,
            "count": 42
        },
        "FollowPoints.Environment.EpisodeLength.mean": {
            "value": 3820.230769230769,
            "min": 3261.125,
            "max": 4999.0,
            "count": 42
        },
        "FollowPoints.Environment.EpisodeLength.sum": {
            "value": 49663.0,
            "min": 45618.0,
            "max": 54388.0,
            "count": 42
        },
        "FollowPoints.Environment.CumulativeReward.mean": {
            "value": 0.5246153625731285,
            "min": -10.621537685394287,
            "max": 1.3889999456703663,
            "count": 42
        },
        "FollowPoints.Environment.CumulativeReward.sum": {
            "value": 6.81999971345067,
            "min": -138.07998991012573,
            "max": 15.379999393597245,
            "count": 42
        },
        "FollowPoints.Policy.ExtrinsicReward.mean": {
            "value": 0.5246153625731285,
            "min": -10.621537685394287,
            "max": 1.3889999456703663,
            "count": 42
        },
        "FollowPoints.Policy.ExtrinsicReward.sum": {
            "value": 6.81999971345067,
            "min": -138.07998991012573,
            "max": 15.379999393597245,
            "count": 42
        },
        "FollowPoints.Policy.CuriosityReward.mean": {
            "value": 1.1313078351433012,
            "min": 0.6675014658159433,
            "max": 102.09527765300412,
            "count": 42
        },
        "FollowPoints.Policy.CuriosityReward.sum": {
            "value": 14.707001856862917,
            "min": 8.163075281365309,
            "max": 1327.2386094890535,
            "count": 42
        },
        "FollowPoints.IsTraining.mean": {
            "value": 1.0,
            "min": 1.0,
            "max": 1.0,
            "count": 42
        },
        "FollowPoints.IsTraining.sum": {
            "value": 1.0,
            "min": 1.0,
            "max": 1.0,
            "count": 42
        }
    },
    "metadata": {
        "timer_format_version": "0.1.0",
        "start_time_seconds": "1718189345",
        "python_version": "3.10.0 (tags/v3.10.0:b494f59, Oct  4 2021, 19:00:18) [MSC v.1929 64 bit (AMD64)]",
        "command_line_arguments": "C:\\Users\\pablo\\Desktop\\Traffic-Sytem\\Traffic System\\venv\\Scripts\\mlagents-learn config/trainer_config.yaml --run-id=Test19Scenario1",
        "mlagents_version": "0.30.0",
        "mlagents_envs_version": "0.30.0",
        "communication_protocol_version": "1.5.0",
        "pytorch_version": "2.3.0+cpu",
        "numpy_version": "1.21.2",
        "end_time_seconds": "1718212598"
    },
    "total": 23252.97329939995,
    "count": 1,
    "self": 0.08617960009723902,
    "children": {
        "run_training.setup": {
            "total": 0.1548323999159038,
            "count": 1,
            "self": 0.1548323999159038
        },
        "TrainerController.start_learning": {
            "total": 23252.732287399936,
            "count": 1,
            "self": 54.785218585282564,
            "children": {
                "TrainerController._reset_env": {
                    "total": 19.233992299996316,
                    "count": 1,
                    "self": 19.233992299996316
                },
                "TrainerController.advance": {
                    "total": 23178.62628061464,
                    "count": 2131572,
                    "self": 50.968500601127744,
                    "children": {
                        "env_step": {
                            "total": 20798.123810759746,