{
    "name": "root",
    "metadata": {
        "timer_format_version": "0.1.0",
        "start_time_seconds": "1722846771",
        "python_version": "3.10.0 (tags/v3.10.0:b494f59, Oct  4 2021, 19:00:18) [MSC v.1929 64 bit (AMD64)]",
        "command_line_arguments": "C:\\Users\\pablo\\Desktop\\Traffic-Sytem\\Traffic System\\venv\\Scripts\\mlagents-learn config/trainer_config.yaml --run-id=CompetitiveDriver --resume",
        "mlagents_version": "0.30.0",
        "mlagents_envs_version": "0.30.0",
        "communication_protocol_version": "1.5.0",
        "pytorch_version": "2.3.0+cpu",
        "numpy_version": "1.21.2",
        "end_time_seconds": "1722942733"
    },
    "total": 95962.46831360005,
    "count": 1,
    "self": 0.015218800050206482,
    "children": {
        "run_training.setup": {
            "total": 0.13345760002266616,
            "count": 1,
            "self": 0.13345760002266616
        },
        "TrainerController.start_learning": {
            "total": 95962.31963719998,
            "count": 1,
            "self": 42.98105935426429,
            "children": {
                "TrainerController._reset_env": {
                    "total": 33.60535019997042,
                    "count": 1,
                    "self": 33.60535019997042
                },
                "TrainerController.advance": {
                    "total": 95885.56338424573,
                    "count": 1740436,
                    "self": 21.16487281944137,
                    "children": {
                        "env_step": {
                            "total": 95864.39851142629,
                            "count": 1740436,
                            "self": 92865.66807241575,
                            "children": {
                                "SubprocessEnvManager._take_step": {
                                    "total": 2974.9390028908383,
                                    "count": 1740436,
                                    "self": 86.72497390443459,
                                    "children": {
                                        "TorchPolicy.evaluate": {
                                            "total": 2888.2140289864037,
                                            "count": 1738310,
                                            "self": 2888.2140289864037
                                        }
                                    }
                                },
                                "workers": {
                                    "total": 23.791436119703576,
                                    "count": 1740435,
                                    "self": 0.0,
                                    "children": {
                                        "worker_root": {
                                            "total": 95818.87443364796,
                                            "count": 1740435,
                                            "is_parallel": true,
                                            "self": 4830.3071568813175,
                                            "children": {
                                                "steps_from_proto": {
                                                    "total": 0.0003981000045314431,
                                                    "count": 1,
                                                    "is_parallel": true,
                                                    "self": 0.00017390004359185696,
                                                    "children": {
                                                        "_process_rank_one_or_two_observation": {
                                                            "total": 0.00022419996093958616,
                                                            "count": 6,
                                                            "is_parallel": true,
                                                            "self": 0.00022419996093958616
                                                        }
                                                    }
                                                },
                                                "UnityEnvironment.step": {
                                                    "total": 90988.56687866664,
                                                    "count": 1740435,
                                                    "is_parallel": true,
                                                    "self": 153.3209919912042,
                                                    "children": {
                                                        "UnityEnvironment._generate_step_input": {
                                                            "total": 98.36877075512893,
                                                            "count": 1740435,
                                                            "is_parallel": true,
                                                            "self": 98.36877075512893
                                                        },
                                                        "communicator.exchange": {
                                                            "total": 90052.67969768913,
                                                            "count": 1740435,
                                                            "is_parallel": true,
                                                            "self": 90052.67969768913
                                                        },
                                                        "steps_from_proto": {
                                                            "total": 684.1974182311678,
                                                            "count": 1740435,
                                                            "is_parallel": true,
                                                            "self": 312.90544719679747,
                                                            "children": {
                                                                "_process_rank_one_or_two_observation": {
                                                                    "total": 371.29197103437036,
                                                                    "count": 10442610,
                                                                    "is_parallel": true,
                                                                    "self": 371.29197103437036
                                                                }
                                                            }
                                                        }
                                                    }
                                                }
                                            }
                                        }
                                    }
                                }
                            }
                        }
                    }
                },
                "TrainerController._save_models": {
                    "total": 0.16984340001363307,
                    "count": 1,
                    "self": 0.013635000097565353,
                    "children": {
                        "RLTrainer._checkpoint": {
                            "total": 0.15620839991606772,
                            "count": 1,
                            "self": 0.15620839991606772
                        }
                    }
                }
            }
        }
    }
}