{
    "name": "root",
    "gauges": {
        "FollowPoints.Policy.Entropy.mean": {
            "value": 2.0607049465179443,
            "min": 1.9694346189498901,
            "max": 2.1818227767944336,
            "count": 6
        },
        "FollowPoints.Policy.Entropy.sum": {
            "value": 103092.9453125,
            "min": 98432.34375,
            "max": 109106.40625,
            "count": 6
        },
        "FollowPoints.Step.mean": {
            "value": 299992.0,
            "min": 49943.0,
            "max": 299992.0,
            "count": 6
        },
        "FollowPoints.Step.sum": {
            "value": 299992.0,
            "min": 49943.0,
            "max": 299992.0,
            "count": 6
        },
        "FollowPoints.Policy.ExtrinsicValueEstimate.mean": {
            "value": -91.626953125,
            "min": -133.56866455078125,
            "max": -53.81882095336914,
            "count": 6
        },
        "FollowPoints.Policy.ExtrinsicValueEstimate.sum": {
            "value": -72660.171875,
            "min": -106721.3671875,
            "max": -42678.32421875,
            "count": 6
        },
        "FollowPoints.Policy.CuriosityValueEstimate.mean": {
            "value": 0.06540558487176895,
            "min": 0.06540558487176895,
            "max": 2.0874953269958496,
            "count": 6
        },
        "FollowPoints.Policy.CuriosityValueEstimate.sum": {
            "value": 51.86663055419922,
            "min": 51.86663055419922,
            "max": 1667.90869140625,
            "count": 6
        },
        "FollowPoints.Environment.EpisodeLength.mean": {
            "value": 2957.75,
            "min": 1555.71875,
            "max": 3046.705882352941,
            "count": 6
        },
        "FollowPoints.Environment.EpisodeLength.sum": {
            "value": 47324.0,
            "min": 45519.0,
            "max": 52581.0,
            "count": 6
        },
        "FollowPoints.Environment.CumulativeReward.mean": {
            "value": -2094.9375,
            "min": -2291.0588235294117,
            "max": -725.71875,
            "count": 6
        },
        "FollowPoints.Environment.CumulativeReward.sum": {
            "value": -33519.0,
            "min": -43358.0,
            "max": -23223.0,
            "count": 6
        },
        "FollowPoints.Policy.ExtrinsicReward.mean": {
            "value": -2094.9375,
            "min": -2291.0588235294117,
            "max": -725.71875,
            "count": 6
        },
        "FollowPoints.Policy.ExtrinsicReward.sum": {
            "value": -33519.0,
            "min": -43358.0,
            "max": -23223.0,
            "count": 6
        },
        "FollowPoints.Policy.CuriosityReward.mean": {
            "value": 0.618064695801877,
            "min": 0.12966860615199916,
            "max": 1.6707099226987339,
            "count": 6
        },
        "FollowPoints.Policy.CuriosityReward.sum": {
            "value": 9.889035132830031,
            "min": 3.501052366103977,
            "max": 53.462717526359484,
            "count": 6
        },
        "FollowPoints.Losses.PolicyLoss.mean": {
            "value": 0.025811868341018757,
            "min": 0.02268935660365969,
            "max": 0.026586043120672306,
            "count": 6
        },
        "FollowPoints.Losses.PolicyLoss.sum": {
            "value": 0.12905934170509378,
            "min": 0.10634417248268922,
            "max": 0.12905934170509378,
            "count": 6
        },
        "FollowPoints.Losses.ValueLoss.mean": {
            "value": 103.59099085489909,
            "min": 96.28766677856444,
            "max": 879.0763697306315,
            "count": 6
        },
        "FollowPoints.Losses.ValueLoss.sum": {
            "value": 517.9549542744954,
            "min": 481.43833389282224,
            "max": 3516.305478922526,
            "count": 6
        },
        "FollowPoints.Policy.LearningRate.mean": {
            "value": 0.0002998335410954863,
            "min": 0.0002998335410954863,
            "max": 0.000299984571005143,
            "count": 6
        },
        "FollowPoints.Policy.LearningRate.sum": {
            "value": 0.0014991677054774315,
            "min": 0.001199938284020572,
            "max": 0.0014997840792719734,
            "count": 6
        },
        "FollowPoints.Policy.Epsilon.mean": {
            "value": 0.19994451368000002,
            "min": 0.19994451368000002,
            "max": 0.19999485700000003,
            "count": 6
        },
        "FollowPoints.Policy.Epsilon.sum": {
            "value": 0.9997225684000001,
            "min": 0.7999794280000001,
            "max": 0.9999280264000001,
            "count": 6
        },
        "FollowPoints.Policy.Beta.mean": {
            "value": 0.0005000000000000001,
            "min": 0.0005000000000000001,
            "max": 0.0005000000000000001,
            "count": 6
        },
        "FollowPoints.Policy.Beta.sum": {
            "value": 0.0025000000000000005,
            "min": 0.0020000000000000005,
            "max": 0.0025000000000000005,
            "count": 6
        },
        "FollowPoints.Losses.CuriosityForwardLoss.mean": {
            "value": 0.016372873218109214,
            "min": 0.008547642032305399,
            "max": 0.20197353173668187,
            "count": 6
        },
        "FollowPoints.Losses.CuriosityForwardLoss.sum": {
            "value": 0.08186436609054606,
            "min": 0.042738210161527,
            "max": 0.8078941269467275,
            "count": 6
        },
        "FollowPoints.Losses.CuriosityInverseLoss.mean": {
            "value": 1.5129133764902751,
            "min": 1.417178418636322,
            "max": 1.6449570447206499,
            "count": 6
        },
        "FollowPoints.Losses.CuriosityInverseLoss.sum": {
            "value": 7.564566882451376,
            "min": 6.579828178882599,
            "max": 8.156025067965189,
            "count": 6
        },
        "FollowPoints.IsTraining.mean": {
            "value": 1.0,
            "min": 1.0,
            "max": 1.0,
            "count": 6
        },
        "FollowPoints.IsTraining.sum": {
            "value": 1.0,
            "min": 1.0,
            "max": 1.0,
            "count": 6
        }
    },
    "metadata": {
        "timer_format_version": "0.1.0",
        "start_time_seconds": "1717505579",
        "python_version": "3.10.0 (tags/v3.10.0:b494f59, Oct  4 2021, 19:00:18) [MSC v.1929 64 bit (AMD64)]",
        "command_line_arguments": "C:\\Users\\pablo\\Desktop\\Traffic-Sytem\\Traffic System\\venv\\Scripts\\mlagents-learn config/trainer_config.yaml --run-id=Test3Scenario1",
        "mlagents_version": "0.30.0",
        "mlagents_envs_version": "0.30.0",
        "communication_protocol_version": "1.5.0",
        "pytorch_version": "2.3.0+cpu",
        "numpy_version": "1.21.2",
        "end_time_seconds": "1717507705"
    },
    "total": 2126.149122700095,
    "count": 1,
    "self": 0.010738600045442581,
    "children": {
        "run_training.setup": {
            "total": 0.09198780008591712,
            "count": 1,
            "self": 0.09198780008591712
        },
        "TrainerController.start_learning": {
            "total": 2126.046396299964,
            "count": 1,
            "self": 6.78343422524631,
            "children": {
                "TrainerController._reset_env": {
                    "total": 13.664575000060722,
                    "count": 1,
                    "self": 13.664575000060722
                },
                "TrainerController.advance": {
                    "total": 2105.322615374811,
                    "count": 336417,
                    "self": 6.361749185714871,
                    "children": {
                        "env_step": {
                            "total": 1885.5385479659308,
                            "count": 336417,
                            "self": 1372.5539732149336,