{
    "name": "root",
    "gauges": {
        "FollowPoints.Policy.Entropy.mean": {
            "value": -2.3839777441025944e-07,
            "min": -2.3839777441025944e-07,
            "max": 2.008697748184204,
            "count": 52
        },
        "FollowPoints.Policy.Entropy.sum": {
            "value": -0.01191988866776228,
            "min": -0.01191988866776228,
            "max": 100527.2890625,
            "count": 52
        },
        "FollowPoints.Step.mean": {
            "value": 2599991.0,
            "min": 49941.0,
            "max": 2599991.0,
            "count": 52
        },
        "FollowPoints.Step.sum": {
            "value": 2599991.0,
            "min": 49941.0,
            "max": 2599991.0,
            "count": 52
        },
        "FollowPoints.Policy.ExtrinsicValueEstimate.mean": {
            "value": 0.008404053747653961,
            "min": 0.008404053747653961,
            "max": 0.40440455079078674,
            "count": 52
        },
        "FollowPoints.Policy.ExtrinsicValueEstimate.sum": {
            "value": 6.72324275970459,
            "min": 6.72324275970459,
            "max": 324.33245849609375,
            "count": 52
        },
        "FollowPoints.Environment.EpisodeLength.mean": {
            "value": 2499.0,
            "min": 117.5752427184466,
            "max": 2499.0,
            "count": 52
        },
        "FollowPoints.Environment.EpisodeLength.sum": {
            "value": 49980.0,
            "min": 47731.0,
            "max": 52215.0,
            "count": 52
        },
        "FollowPoints.Environment.CumulativeReward.mean": {
            "value": 0.0,
            "min": 0.0,
            "max": 3.8000000001241765,
            "count": 52
        },
        "FollowPoints.Environment.CumulativeReward.sum": {
            "value": 0.0,
            "min": 0.0,
            "max": 328.7999999243766,
            "count": 52
        },
        "FollowPoints.Policy.ExtrinsicReward.mean": {
            "value": 0.0,
            "min": 0.0,
            "max": 3.8000000001241765,
            "count": 52
        },
        "FollowPoints.Policy.ExtrinsicReward.sum": {
            "value": 0.0,
            "min": 0.0,
            "max": 328.7999999243766,
            "count": 52
        },
        "FollowPoints.Losses.PolicyLoss.mean": {
            "value": 0.047538510603675005,
            "min": 0.04421296103422432,
            "max": 0.051077003192908144,
            "count": 52
        },
        "FollowPoints.Losses.PolicyLoss.sum": {
            "value": 0.9507702120735001,
            "min": 0.8400462596502621,
            "max": 1.0158496142132207,
            "count": 52
        },
        "FollowPoints.Losses.ValueLoss.mean": {
            "value": 6.471545452269022e-07,
            "min": 6.471545452269022e-07,
            "max": 0.06511983689361889,
            "count": 52
        },
        "FollowPoints.Losses.ValueLoss.sum": {
            "value": 1.2943090904538044e-05,
            "min": 1.2943090904538044e-05,
            "max": 1.2372769009787588,
            "count": 52
        },
        "FollowPoints.Policy.LearningRate.mean": {
            "value": 0.00022275795774735603,
            "min": 0.00022275795774735603,
            "max": 0.00029922318499578046,
            "count": 52
        },
        "FollowPoints.Policy.LearningRate.sum": {
            "value": 0.0044551591549471204,
            "min": 0.00426090152969965,
            "max": 0.005895083524972169,
            "count": 52
        },
        "FollowPoints.Policy.Epsilon.mean": {
            "value": 0.174252644,
            "min": 0.174252644,
            "max": 0.1997410615789474,
            "count": 52
        },
        "FollowPoints.Policy.Epsilon.sum": {
            "value": 3.4850528800000005,
            "min": 3.3203003499999997,
            "max": 3.9650278300000004,
            "count": 52
        },
        "FollowPoints.Policy.Beta.mean": {
            "value": 0.007427839135600002,
            "min": 0.007427839135600002,
            "max": 0.009974132051736842,
            "count": 52
        },
        "FollowPoints.Policy.Beta.sum": {
            "value": 0.14855678271200004,
            "min": 0.142078004965,
            "max": 0.19650628021700006,
            "count": 52
        },
        "FollowPoints.IsTraining.mean": {
            "value": 1.0,
            "min": 1.0,
            "max": 1.0,
            "count": 52
        },
        "FollowPoints.IsTraining.sum": {
            "value": 1.0,
            "min": 1.0,
            "max": 1.0,
            "count": 52
        }
    },
    "metadata": {
        "timer_format_version": "0.1.0",
        "start_time_seconds": "1718563781",
        "python_version": "3.10.0 (tags/v3.10.0:b494f59, Oct  4 2021, 19:00:18) [MSC v.1929 64 bit (AMD64)]",
        "command_line_arguments": "C:\\Projects\\Unity\\Traffic-System-Rahul\\Traffic System\\venv\\Scripts\\mlagents-learn config/trainer_config.yaml --run-id=Rahul2Final",
        "mlagents_version": "0.30.0",
        "mlagents_envs_version": "0.30.0",
        "communication_protocol_version": "1.5.0",
        "pytorch_version": "2.3.1+cpu",
        "numpy_version": "1.21.2",
        "end_time_seconds": "1718628726"
    },
    "total": 64942.37534609996,
    "count": 1,
    "self": 0.006498399889096618,
    "children": {
        "run_training.setup": {
            "total": 0.15484950004611164,
            "count": 1,
            "self": 0.15484950004611164
        },
        "TrainerController.start_learning": {
            "total": 64942.21399820002,
            "count": 1,
            "self": 66.44538894796278,
            "children": {
                "TrainerController._reset_env": {
                    "total": 14.11226920003537,
                    "count": 1,
                    "self": 14.11226920003537
                },
                "TrainerController.advance": {
                    "total": 64861.44690525206,
                    "count": 2628671,
                    "self": 29.61664784507593,
                    "children": {
                        "env_step": {
                            "total": 64831.83025740698,
                            "count": 2628671,
                            "self": 59499.49011496571,
                            "children": {
                                "SubprocessEnvManager._take_step": {
                                    "total": 5297.35956766532,
                                    "count": 2628671,
                                    "self": 138.15624011098407,
                                    "children": {
                                        "TorchPolicy.evaluate": {
                                            "total": 5159.203327554336,
                                            "count": 2627281,
                                            "self": 5159.203327554336
                                        }
                                    }
                                },
                                "workers": {
                                    "total": 34.980574775952846,
                                    "count": 2628670,
                                    "self": 0.0,
                                    "children": {
                                        "worker_root": {
                                            "total": 64853.73776547256,
                                            "count": 2628670,
                                            "is_parallel": true,
                                            "self": 8449.336655796971,
                                            "children": {
                                                "steps_from_proto": {
                                                    "total": 0.00031129998387768865,
                                                    "count": 1,
                                                    "is_parallel": true,