{
    "name": "root",
    "gauges": {
        "FollowPoints.Policy.Entropy.mean": {
            "value": 1.4770127534866333,
            "min": 1.4770127534866333,
            "max": 2.1199710369110107,
            "count": 2
        },
        "FollowPoints.Policy.Entropy.sum": {
            "value": 14805.576171875,
            "min": 14805.576171875,
            "max": 21252.708984375,
            "count": 2
        },
        "FollowPoints.Step.mean": {
            "value": 19985.0,
            "min": 9961.0,
            "max": 19985.0,
            "count": 2
        },
        "FollowPoints.Step.sum": {
            "value": 19985.0,
            "min": 9961.0,
            "max": 19985.0,
            "count": 2
        },
        "FollowPoints.Policy.ExtrinsicValueEstimate.mean": {
            "value": -0.5441540479660034,
            "min": -8.758599281311035,
            "max": -0.5441540479660034,
            "count": 2
        },
        "FollowPoints.Policy.ExtrinsicValueEstimate.sum": {
            "value": -85.43218231201172,
            "min": -1366.341552734375,
            "max": -85.43218231201172,
            "count": 2
        },
        "FollowPoints.Losses.PolicyLoss.mean": {
            "value": 0.24060439825281194,
            "min": 0.24060439825281194,
            "max": 0.24337643013217283,
            "count": 2
        },
        "FollowPoints.Losses.PolicyLoss.sum": {
            "value": 18.76714306371933,
            "min": 18.76714306371933,
            "max": 18.983361550309482,
            "count": 2
        },
        "FollowPoints.Losses.ValueLoss.mean": {
            "value": 3.1964147292933283,
            "min": 3.1964147292933283,
            "max": 8.823453278945205,
            "count": 2
        },
        "FollowPoints.Losses.ValueLoss.sum": {
            "value": 249.32034888487962,
            "min": 249.32034888487962,
            "max": 688.229355757726,
            "count": 2
        },
        "FollowPoints.Policy.LearningRate.mean": {
            "value": 0.00029990997064539436,
            "min": 0.00029990997064539436,
            "max": 0.0002999697182408632,
            "count": 2
        },
        "FollowPoints.Policy.LearningRate.sum": {
            "value": 0.02339297771034076,
            "min": 0.02339297771034076,
            "max": 0.02339763802278733,
            "count": 2
        },
        "FollowPoints.Policy.Epsilon.mean": {
            "value": 0.19996999020512823,
            "min": 0.19996999020512823,
            "max": 0.19998990607692307,
            "count": 2
        },
        "FollowPoints.Policy.Epsilon.sum": {
            "value": 15.597659236000002,
            "min": 15.597659236000002,
            "max": 15.599212674,
            "count": 2
        },
        "FollowPoints.Policy.Beta.mean": {
            "value": 0.0005000000000000001,
            "min": 0.0005000000000000001,
            "max": 0.0005000000000000001,
            "count": 2
        },
        "FollowPoints.Policy.Beta.sum": {
            "value": 0.03900000000000001,
            "min": 0.03900000000000001,
            "max": 0.03900000000000001,
            "count": 2
        },
        "FollowPoints.Environment.EpisodeLength.mean": {
            "value": 2999.0,
            "min": 2999.0,
            "max": 2999.3333333333335,
            "count": 2
        },
        "FollowPoints.Environment.EpisodeLength.sum": {
            "value": 8997.0,
            "min": 8997.0,
            "max": 8998.0,
            "count": 2
        },
        "FollowPoints.Environment.CumulativeReward.mean": {
            "value": -3.1346936225891113,
            "min": -255.48423804839453,
            "max": -3.1346936225891113,
            "count": 2
        },
        "FollowPoints.Environment.CumulativeReward.sum": {
            "value": -9.404080867767334,
            "min": -766.4527141451836,
            "max": -9.404080867767334,
            "count": 2
        },
        "FollowPoints.Policy.ExtrinsicReward.mean": {
            "value": -3.1346936225891113,
            "min": -255.48423804839453,
            "max": -3.1346936225891113,
            "count": 2
        },
        "FollowPoints.Policy.ExtrinsicReward.sum": {
            "value": -9.404080867767334,
            "min": -766.4527141451836,
            "max": -9.404080867767334,
            "count": 2
        },
        "FollowPoints.IsTraining.mean": {
            "value": 1.0,
            "min": 1.0,
            "max": 1.0,
            "count": 2
        },
        "FollowPoints.IsTraining.sum": {
            "value": 1.0,
            "min": 1.0,
            "max": 1.0,
            "count": 2
        }
    },
    "metadata": {
        "timer_format_version": "0.1.0",
        "start_time_seconds": "1717421103",
        "python_version": "3.10.0 (tags/v3.10.0:b494f59, Oct  4 2021, 19:00:18) [MSC v.1929 64 bit (AMD64)]",
        "command_line_arguments": "C:\\Users\\pablo\\Desktop\\Traffic-Sytem\\Traffic System\\venv\\Scripts\\mlagents-learn config/trainer_config.yaml --run-id=Test03/06_7",
        "mlagents_version": "0.30.0",
        "mlagents_envs_version": "0.30.0",
        "communication_protocol_version": "1.5.0",
        "pytorch_version": "2.3.0+cpu",
        "numpy_version": "1.21.2",
        "end_time_seconds": "1717421361"
    },
    "total": 257.46306349989027,
    "count": 1,
    "self": 0.010851799976080656,
    "children": {
        "run_training.setup": {
            "total": 0.08295889990404248,
            "count": 1,
            "self": 0.08295889990404248
        },
        "TrainerController.start_learning": {
            "total": 257.36925280001014,
            "count": 1,
            "self": 0.47631718032062054,
            "children": {
                "TrainerController._reset_env": {
                    "total": 9.807235300075263,
                    "count": 1,
                    "self": 9.807235300075263
                },
                "TrainerController.advance": {
                    "total": 246.92821751954034,
                    "count": 24784,
                    "self": 0.47126112412661314,
                    "children": {
                        "env_step": {
                            "total": 178.35886749858037,
                            "count": 24784,
                            "self": 142.7282259708736,
                            "children": {
                                "SubprocessEnvManager._take_step": {
                                    "total": 35.31165352021344,
                                    "count": 24784,
                                    "self": 1.2330727276857942,
                                    "children": {
                                        "TorchPolicy.evaluate": {
                                            "total": 34.078580792527646,
                                            "count": 24784,
                                            "self": 34.078580792527646
                                        }
                                    }
                                },
                                "workers": {
                                    "total": 0.3189880074933171,
                                    "count": 24783,
                                    "self": 0.0,
                                    "children": {
                                        "worker_root": {
                                            "total": 185.1089290236123,
                                            "count": 24783,
                                            "is_parallel": true,
                                            "self": 126.24047450325452,
                                            "children": {
                                                "steps_from_proto": {
                                                    "total": 0.0003425001632422209,
                                                    "count": 1,