{
    "name": "root",
    "gauges": {
        "FollowPoints.Policy.Entropy.mean": {
            "value": 0.37723636627197266,
            "min": 0.3666679263114929,
            "max": 0.541396975517273,
            "count": 38
        },
        "FollowPoints.Policy.Entropy.sum": {
            "value": 18865.212890625,
            "min": 11816.55859375,
            "max": 27068.224609375,
            "count": 38
        },
        "FollowPoints.Step.mean": {
            "value": 9499945.0,
            "min": 7649974.0,
            "max": 9499945.0,
            "count": 38
        },
        "FollowPoints.Step.sum": {
            "value": 9499945.0,
            "min": 7649974.0,
            "max": 9499945.0,
            "count": 38
        },
        "FollowPoints.Policy.ExtrinsicValueEstimate.mean": {
            "value": 1.4052897691726685,
            "min": 1.325538992881775,
            "max": 1.463090181350708,
            "count": 38
        },
        "FollowPoints.Policy.ExtrinsicValueEstimate.sum": {
            "value": 1134.06884765625,
            "min": 529.0819091796875,
            "max": 1185.10302734375,
            "count": 38
        },
        "FollowPoints.Environment.EpisodeLength.mean": {
            "value": 824.0655737704918,
            "min": 686.0909090909091,
            "max": 870.7894736842105,
            "count": 38
        },
        "FollowPoints.Environment.EpisodeLength.sum": {
            "value": 50268.0,
            "min": 22641.0,
            "max": 50629.0,
            "count": 38
        },
        "FollowPoints.Environment.CumulativeReward.mean": {
            "value": 13.333491824017685,
            "min": 11.292969701021459,
            "max": 13.84296494143966,
            "count": 38
        },
        "FollowPoints.Environment.CumulativeReward.sum": {
            "value": 813.3430012650788,
            "min": 372.6680001337081,
            "max": 831.6400005966425,
            "count": 38
        },
        "FollowPoints.Policy.ExtrinsicReward.mean": {
            "value": 13.333491824017685,
            "min": 11.292969701021459,
            "max": 13.84296494143966,
            "count": 38
        },
        "FollowPoints.Policy.ExtrinsicReward.sum": {
            "value": 813.3430012650788,
            "min": 372.6680001337081,
            "max": 831.6400005966425,
            "count": 38
        },
        "FollowPoints.Losses.PolicyLoss.mean": {
            "value": 0.049881805167656,
            "min": 0.044309638680792164,
            "max": 0.049881805167656,
            "count": 38
        },
        "FollowPoints.Losses.PolicyLoss.sum": {
            "value": 0.947754298185464,
            "min": 0.4218528293073177,
            "max": 0.9929751956524948,
            "count": 38
        },
        "FollowPoints.Losses.ValueLoss.mean": {
            "value": 0.0035007919961986904,
            "min": 0.0027777920497516007,
            "max": 0.006478131316365314,
            "count": 38
        },
        "FollowPoints.Losses.ValueLoss.sum": {
            "value": 0.06651504792777511,
            "min": 0.034046663957027094,
            "max": 0.12308449501094097,
            "count": 38
        },
        "FollowPoints.Policy.LearningRate.mean": {
            "value": 1.5769844217101053e-05,
            "min": 1.5769844217101053e-05,
            "max": 7.081569972812553e-05,
            "count": 38
        },
        "FollowPoints.Policy.LearningRate.sum": {
            "value": 0.00029962704012492,
            "min": 0.00029962704012492,
            "max": 0.0013247794384073396,
            "count": 38
        },
        "FollowPoints.Policy.Epsilon.mean": {
            "value": 0.10525658315789477,
            "min": 0.10525658315789477,
            "max": 0.12360520777777778,
            "count": 38
        },
        "FollowPoints.Policy.Epsilon.sum": {
            "value": 1.9998750800000005,
            "min": 1.11244687,
            "max": 2.43500589,
            "count": 38
        },
        "FollowPoints.Policy.Beta.mean": {
            "value": 0.0005351326574736842,
            "min": 0.0005351326574736842,
            "max": 0.0023681602569999996,
            "count": 38
        },
        "FollowPoints.Policy.Beta.sum": {
            "value": 0.010167520492,
            "min": 0.010167520492,
            "max": 0.044305106734000003,
            "count": 38
        },
        "FollowPoints.IsTraining.mean": {
            "value": 1.0,
            "min": 1.0,
            "max": 1.0,
            "count": 38
        },
        "FollowPoints.IsTraining.sum": {
            "value": 1.0,
            "min": 1.0,
            "max": 1.0,
            "count": 38
        }
    },
    "metadata": {
        "timer_format_version": "0.1.0",
        "start_time_seconds": "1720339343",
        "python_version": "3.10.0 (tags/v3.10.0:b494f59, Oct  4 2021, 19:00:18) [MSC v.1929 64 bit (AMD64)]",
        "command_line_arguments": "C:\\Unity\\PabloTrafic\\Traffic System\\venv\\Scripts\\mlagents-learn config/trainer_config.yaml --run-id=Pablo7Final --resume",
        "mlagents_version": "0.30.0",
        "mlagents_envs_version": "0.30.0",
        "communication_protocol_version": "1.5.0",
        "pytorch_version": "2.3.1+cpu",
        "numpy_version": "1.21.2",
        "end_time_seconds": "1720384170"
    },
    "total": 44827.46288929996,
    "count": 1,
    "self": 0.008051499957218766,
    "children": {
        "run_training.setup": {
            "total": 0.12389349995646626,
            "count": 1,
            "self": 0.12389349995646626
        },
        "TrainerController.start_learning": {
            "total": 44827.33094430005,
            "count": 1,
            "self": 50.9435440338566,
            "children": {
                "TrainerController._reset_env": {
                    "total": 23.922226599999703,
                    "count": 1,
                    "self": 23.922226599999703
                },
                "TrainerController.advance": {
                    "total": 44752.390638066165,
                    "count": 1889440,
                    "self": 21.406138719117735,
                    "children": {
                        "env_step": {
                            "total": 44730.98449934705,
                            "count": 1889440,
                            "self": 41985.15051297337,
                            "children": {
                                "SubprocessEnvManager._take_step": {
                                    "total": 2721.61127636896,
                                    "count": 1889440,
                                    "self": 88.18086187174777,
                                    "children": {
                                        "TorchPolicy.evaluate": {
                                            "total": 2633.430414497212,
                                            "count": 1888203,
                                            "self": 2633.430414497212
                                        }
                                    }
                                },
                                "workers": {
                                    "total": 24.222710004716646,
                                    "count": 1889439,
                                    "self": 0.0,
                                    "children": {
                                        "worker_root": {
                                            "total": 44741.29651585646,
                                            "count": 1889439,
                                            "is_parallel": true,
                                            "self": 4838.631742564845,
                                            "children": {
                                                "steps_from_proto": {
                                                    "total": 0.0005205999477766454,
                                                    "count": 1,