{
    "name": "root",
    "gauges": {
        "FollowPoints.Policy.Entropy.mean": {
            "value": 1.4244592189788818,
            "min": 1.384242057800293,
            "max": 2.4830403327941895,
            "count": 104
        },
        "FollowPoints.Policy.Entropy.sum": {
            "value": 71238.6328125,
            "min": 69165.0390625,
            "max": 124055.1796875,
            "count": 104
        },
        "FollowPoints.Step.mean": {
            "value": 5199966.0,
            "min": 49980.0,
            "max": 5199966.0,
            "count": 104
        },
        "FollowPoints.Step.sum": {
            "value": 5199966.0,
            "min": 49980.0,
            "max": 5199966.0,
            "count": 104
        },
        "FollowPoints.Policy.ExtrinsicValueEstimate.mean": {
            "value": 76.5348129272461,
            "min": -52.608585357666016,
            "max": 90.03462982177734,
            "count": 104
        },
        "FollowPoints.Policy.ExtrinsicValueEstimate.sum": {
            "value": 68192.515625,
            "min": -41666.0,
            "max": 81661.40625,
            "count": 104
        },
        "FollowPoints.Policy.CuriosityValueEstimate.mean": {
            "value": 0.3949442505836487,
            "min": -1.0983178615570068,
            "max": 7.634942531585693,
            "count": 104
        },
        "FollowPoints.Policy.CuriosityValueEstimate.sum": {
            "value": 351.89532470703125,
            "min": -1000.5675659179688,
            "max": 6023.9697265625,
            "count": 104
        },
        "FollowPoints.Environment.EpisodeLength.mean": {
            "value": 146.90265486725664,
            "min": 127.44615384615385,
            "max": 4815.818181818182,
            "count": 104
        },
        "FollowPoints.Environment.EpisodeLength.sum": {
            "value": 49800.0,
            "min": 45751.0,
            "max": 54241.0,
            "count": 104
        },
        "FollowPoints.Environment.CumulativeReward.mean": {
            "value": 159.21592939574722,
            "min": -3189.9400396734477,
            "max": 180.62236599212363,
            "count": 104
        },
        "FollowPoints.Environment.CumulativeReward.sum": {
            "value": 53974.20006515831,
            "min": -32834.3003590405,
            "max": 70262.1003709361,
            "count": 104
        },
        "FollowPoints.Policy.ExtrinsicReward.mean": {
            "value": 159.21592939574722,
            "min": -3189.9400396734477,
            "max": 180.62236599212363,
            "count": 104
        },
        "FollowPoints.Policy.ExtrinsicReward.sum": {
            "value": 53974.20006515831,
            "min": -32834.3003590405,
            "max": 70262.1003709361,
            "count": 104
        },
        "FollowPoints.Policy.CuriosityReward.mean": {
            "value": 0.011219676508884849,
            "min": 0.007902514064415693,
            "max": 1162.584080259502,
            "count": 104
        },
        "FollowPoints.Policy.CuriosityReward.sum": {
            "value": 3.803470336511964,
            "min": 3.0740779710577044,
            "max": 11625.84080259502,
            "count": 104
        },
        "FollowPoints.Losses.PolicyLoss.mean": {
            "value": 0.023592715998335435,
            "min": 0.019650669305895766,
            "max": 0.027572683644636223,
            "count": 104
        },
        "FollowPoints.Losses.PolicyLoss.sum": {
            "value": 0.11796357999167717,
            "min": 0.0841194072427849,
            "max": 0.1333073232555762,
            "count": 104
        },
        "FollowPoints.Losses.ValueLoss.mean": {
            "value": 109.39809753417967,
            "min": 28.27116220474243,
            "max": 147.7329608154297,
            "count": 104
        },
        "FollowPoints.Losses.ValueLoss.sum": {
            "value": 546.9904876708983,
            "min": 125.0607297261556,
            "max": 738.6648040771485,
            "count": 104
        },
        "FollowPoints.Policy.LearningRate.mean": {
            "value": 0.00029689402447532554,
            "min": 0.00029689402447532554,
            "max": 0.0002999846160051279,
            "count": 104
        },
        "FollowPoints.Policy.LearningRate.sum": {
            "value": 0.0014844701223766276,
            "min": 0.0011881801317399573,
            "max": 0.001499784592271802,
            "count": 104
        },
        "FollowPoints.Policy.Epsilon.mean": {
            "value": 0.10000000000000005,
            "min": 0.10000000000000003,
            "max": 0.10000000000000005,
            "count": 104
        },
        "FollowPoints.Policy.Epsilon.sum": {
            "value": 0.5000000000000002,
            "min": 0.40000000000000013,
            "max": 0.5000000000000002,
            "count": 104
        },
        "FollowPoints.Policy.Beta.mean": {
            "value": 0.0005000000000000001,
            "min": 0.0005000000000000001,
            "max": 0.0005000000000000001,
            "count": 104
        },
        "FollowPoints.Policy.Beta.sum": {
            "value": 0.0025000000000000005,
            "min": 0.0020000000000000005,
            "max": 0.0025000000000000005,
            "count": 104
        },
        "FollowPoints.Losses.CuriosityForwardLoss.mean": {
            "value": 0.008029291049266855,
            "min": 0.006252404750945668,
            "max": 244.77541140218574,
            "count": 104
        },
        "FollowPoints.Losses.CuriosityForwardLoss.sum": {
            "value": 0.04014645524633428,
            "min": 0.03126202375472834,
            "max": 979.101645608743,
            "count": 104
        },
        "FollowPoints.Losses.CuriosityInverseLoss.mean": {
            "value": 0.8653395620981852,
            "min": 0.8214117646217346,
            "max": 2.229877260327339,
            "count": 104
        },
        "FollowPoints.Losses.CuriosityInverseLoss.sum": {
            "value": 4.326697810490926,
            "min": 3.92863720258077,
            "max": 10.326837595303854,
            "count": 104
        },
        "FollowPoints.IsTraining.mean": {
            "value": 1.0,
            "min": 1.0,
            "max": 1.0,
            "count": 104
        },
        "FollowPoints.IsTraining.sum": {
            "value": 1.0,
            "min": 1.0,
            "max": 1.0,
            "count": 104
        }
    },
    "metadata": {
        "timer_format_version": "0.1.0",
        "start_time_seconds": "1717539734",
        "python_version": "3.10.0 (tags/v3.10.0:b494f59, Oct  4 2021, 19:00:18) [MSC v.1929 64 bit (AMD64)]",
        "command_line_arguments": "C:\\Users\\pablo\\Desktop\\Traffic-Sytem\\Traffic System\\venv\\Scripts\\mlagents-learn config/trainer_config.yaml --run-id=Test6Scenario1",
        "mlagents_version": "0.30.0",
        "mlagents_envs_version": "0.30.0",
        "communication_protocol_version": "1.5.0",
        "pytorch_version": "2.3.0+cpu",
        "numpy_version": "1.21.2",
        "end_time_seconds": "1717599758"
    },
    "total": 60024.00970049994,
    "count": 1,
    "self": 0.014054000144824386,
    "children": {
        "run_training.setup": {
            "total": 0.09807479986920953,
            "count": 1,
            "self": 0.09807479986920953
        },
        "TrainerController.start_learning": {
            "total": 60023.89757169993,
            "count": 1,
            "self": 102.6905388017185,
            "children": {
                "TrainerController._reset_env": {
                    "total": 13.936265900032595,
                    "count": 1,
                    "self": 13.936265900032595
                },
                "TrainerController.advance": {
                    "total": 59907.17184019834,
                    "count": 5214525,
                    "self": 98.19934029411525,