{
    "name": "root",
    "gauges": {
        "FollowPoints.Policy.Entropy.mean": {
            "value": 2.116668462753296,
            "min": 2.116668462753296,
            "max": 2.116668462753296,
            "count": 1
        },
        "FollowPoints.Policy.Entropy.sum": {
            "value": 21251.3515625,
            "min": 21251.3515625,
            "max": 21251.3515625,
            "count": 1
        },
        "FollowPoints.Step.mean": {
            "value": 9961.0,
            "min": 9961.0,
            "max": 9961.0,
            "count": 1
        },
        "FollowPoints.Step.sum": {
            "value": 9961.0,
            "min": 9961.0,
            "max": 9961.0,
            "count": 1
        },
        "FollowPoints.Policy.ExtrinsicValueEstimate.mean": {
            "value": -12.607199668884277,
            "min": -12.607199668884277,
            "max": -12.607199668884277,
            "count": 1
        },
        "FollowPoints.Policy.ExtrinsicValueEstimate.sum": {
            "value": -1966.72314453125,
            "min": -1966.72314453125,
            "max": -1966.72314453125,
            "count": 1
        },
        "FollowPoints.Losses.PolicyLoss.mean": {
            "value": 0.24352556699300273,
            "min": 0.24352556699300273,
            "max": 0.24352556699300273,
            "count": 1
        },
        "FollowPoints.Losses.PolicyLoss.sum": {
            "value": 18.994994225454214,
            "min": 18.994994225454214,
            "max": 18.994994225454214,
            "count": 1
        },
        "FollowPoints.Losses.ValueLoss.mean": {
            "value": 9.832041583367385,
            "min": 9.832041583367385,
            "max": 9.832041583367385,
            "count": 1
        },
        "FollowPoints.Losses.ValueLoss.sum": {
            "value": 766.899243502656,
            "min": 766.899243502656,
            "max": 766.899243502656,
            "count": 1
        },
        "FollowPoints.Policy.LearningRate.mean": {
            "value": 0.0002999697182408632,
            "min": 0.0002999697182408632,
            "max": 0.0002999697182408632,
            "count": 1
        },
        "FollowPoints.Policy.LearningRate.sum": {
            "value": 0.02339763802278733,
            "min": 0.02339763802278733,
            "max": 0.02339763802278733,
            "count": 1
        },
        "FollowPoints.Policy.Epsilon.mean": {
            "value": 0.19998990607692307,
            "min": 0.19998990607692307,
            "max": 0.19998990607692307,
            "count": 1
        },
        "FollowPoints.Policy.Epsilon.sum": {
            "value": 15.599212674,
            "min": 15.599212674,
            "max": 15.599212674,
            "count": 1
        },
        "FollowPoints.Policy.Beta.mean": {
            "value": 0.0005000000000000001,
            "min": 0.0005000000000000001,
            "max": 0.0005000000000000001,
            "count": 1
        },
        "FollowPoints.Policy.Beta.sum": {
            "value": 0.03900000000000001,
            "min": 0.03900000000000001,
            "max": 0.03900000000000001,
            "count": 1
        },
        "FollowPoints.Environment.EpisodeLength.mean": {
            "value": 2999.3333333333335,
            "min": 2999.3333333333335,
            "max": 2999.3333333333335,
            "count": 1
        },
        "FollowPoints.Environment.EpisodeLength.sum": {
            "value": 8998.0,
            "min": 8998.0,
            "max": 8998.0,
            "count": 1
        },
        "FollowPoints.Environment.CumulativeReward.mean": {
            "value": -346.7437495191892,
            "min": -346.7437495191892,
            "max": -346.7437495191892,
            "count": 1
        },
        "FollowPoints.Environment.CumulativeReward.sum": {
            "value": -1040.2312485575676,
            "min": -1040.2312485575676,
            "max": -1040.2312485575676,
            "count": 1
        },
        "FollowPoints.Policy.ExtrinsicReward.mean": {
            "value": -346.7437495191892,
            "min": -346.7437495191892,
            "max": -346.7437495191892,
            "count": 1
        },
        "FollowPoints.Policy.ExtrinsicReward.sum": {
            "value": -1040.2312485575676,
            "min": -1040.2312485575676,
            "max": -1040.2312485575676,
            "count": 1
        },
        "FollowPoints.IsTraining.mean": {
            "value": 1.0,
            "min": 1.0,
            "max": 1.0,
            "count": 1
        },
        "FollowPoints.IsTraining.sum": {
            "value": 1.0,
            "min": 1.0,
            "max": 1.0,
            "count": 1
        }
    },
    "metadata": {
        "timer_format_version": "0.1.0",
        "start_time_seconds": "1717420777",
        "python_version": "3.10.0 (tags/v3.10.0:b494f59, Oct  4 2021, 19:00:18) [MSC v.1929 64 bit (AMD64)]",
        "command_line_arguments": "C:\\Users\\pablo\\Desktop\\Traffic-Sytem\\Traffic System\\venv\\Scripts\\mlagents-learn config/trainer_config.yaml --run-id=Test03/06_6",
        "mlagents_version": "0.30.0",
        "mlagents_envs_version": "0.30.0",
        "communication_protocol_version": "1.5.0",
        "pytorch_version": "2.3.0+cpu",
        "numpy_version": "1.21.2",
        "end_time_seconds": "1717421011"
    },
    "total": 233.63203620002605,
    "count": 1,
    "self": 0.008173799840733409,
    "children": {
        "run_training.setup": {
            "total": 0.08573940000496805,
            "count": 1,
            "self": 0.08573940000496805
        },
        "TrainerController.start_learning": {
            "total": 233.53812300018035,
            "count": 1,
            "self": 0.3323643004987389,
            "children": {
                "TrainerController._reset_env": {
                    "total": 12.19687579991296,
                    "count": 1,
                    "self": 12.19687579991296
                },
                "TrainerController.advance": {
                    "total": 220.80587919987738,
                    "count": 16500,
                    "self": 0.3118370969314128,
                    "children": {
                        "env_step": {
                            "total": 175.27060650545172,
                            "count": 16500,
                            "self": 151.1583212937694,
                            "children": {
                                "SubprocessEnvManager._take_step": {
                                    "total": 23.891624010633677,
                                    "count": 16501,
                                    "self": 0.8531248203944415,
                                    "children": {
                                        "TorchPolicy.evaluate": {
                                            "total": 23.038499190239236,
                                            "count": 16501,
                                            "self": 23.038499190239236
                                        }
                                    }
                                },
                                "workers": {
                                    "total": 0.2206612010486424,
                                    "count": 16499,
                                    "self": 0.0,
                                    "children": {
                                        "worker_root": {
                                            "total": 134.13225869089365,
                                            "count": 16499,
                                            "is_parallel": true,
                                            "self": 85.52245918335393,
                                            "children": {
                                                "steps_from_proto": {
                                                    "total": 0.0006985999643802643,
                                                    "count": 2,