{
    "name": "root",
    "gauges": {
        "FollowPoints.Policy.Entropy.mean": {
            "value": 1.7008198499679565,
            "min": 1.5156009197235107,
            "max": 2.196943759918213,
            "count": 283
        },
        "FollowPoints.Policy.Entropy.sum": {
            "value": 84959.3515625,
            "min": 75971.5859375,
            "max": 112202.65625,
            "count": 283
        },
        "FollowPoints.Step.mean": {
            "value": 14149942.0,
            "min": 49971.0,
            "max": 14149942.0,
            "count": 283
        },
        "FollowPoints.Step.sum": {
            "value": 14149942.0,
            "min": 49971.0,
            "max": 14149942.0,
            "count": 283
        },
        "FollowPoints.Policy.ExtrinsicValueEstimate.mean": {
            "value": -0.044946957379579544,
            "min": -0.5447419285774231,
            "max": 0.0006387790199369192,
            "count": 283
        },
        "FollowPoints.Policy.ExtrinsicValueEstimate.sum": {
            "value": -35.68788528442383,
            "min": -432.52508544921875,
            "max": 0.5065517425537109,
            "count": 283
        },
        "FollowPoints.Policy.CuriosityValueEstimate.mean": {
            "value": 0.000712877546902746,
            "min": -0.0006961140315979719,
            "max": 0.04927096515893936,
            "count": 283
        },
        "FollowPoints.Policy.CuriosityValueEstimate.sum": {
            "value": 0.5660247802734375,
            "min": -0.552018404006958,
            "max": 39.071876525878906,
            "count": 283
        },
        "FollowPoints.Environment.EpisodeLength.mean": {
            "value": 1984.2,
            "min": 1231.7073170731708,
            "max": 4212.454545454545,
            "count": 283
        },
        "FollowPoints.Environment.EpisodeLength.sum": {
            "value": 49605.0,
            "min": 44933.0,
            "max": 54490.0,
            "count": 283
        },
        "FollowPoints.Environment.CumulativeReward.mean": {
            "value": -1.0811999467760325,
            "min": -24.154612362957916,
            "max": -0.41370366920751556,
            "count": 283
        },
        "FollowPoints.Environment.CumulativeReward.sum": {
            "value": -27.02999866940081,
            "min": -316.41995938308537,
            "max": -11.16999906860292,
            "count": 283
        },
        "FollowPoints.Policy.ExtrinsicReward.mean": {
            "value": -1.070388009250164,
            "min": -23.91306890289371,
            "max": -0.40956666430941335,
            "count": 283
        },
        "FollowPoints.Policy.ExtrinsicReward.sum": {
            "value": -26.7597002312541,
            "min": -313.2557964287698,
            "max": -11.05829993635416,
            "count": 283
        },
        "FollowPoints.Policy.CuriosityReward.mean": {
            "value": 0.1152742640013821,
            "min": 0.040845786482289745,
            "max": 15.38040589101729,
            "count": 283
        },
        "FollowPoints.Policy.CuriosityReward.sum": {
            "value": 2.8818566000345527,
            "min": 1.0546639752210467,
            "max": 246.08649425627664,
            "count": 283
        },
        "FollowPoints.Losses.PolicyLoss.mean": {
            "value": 0.04889371044080083,
            "min": 0.04446530205352853,
            "max": 0.05267360392802706,
            "count": 283
        },
        "FollowPoints.Losses.PolicyLoss.sum": {
            "value": 0.24446855220400415,
            "min": 0.18022608687072836,
            "max": 0.2633680196401353,
            "count": 283
        },
        "FollowPoints.Losses.ValueLoss.mean": {
            "value": 0.0015119118535464318,
            "min": 0.0010017700176589036,
            "max": 0.00948257746931631,
            "count": 283
        },
        "FollowPoints.Losses.ValueLoss.sum": {
            "value": 0.007559559267732159,
            "min": 0.004708528225455666,
            "max": 0.03793030987726524,
            "count": 283
        },
        "FollowPoints.Policy.LearningRate.mean": {
            "value": 4.3508266522984e-06,
            "min": 4.3508266522984e-06,
            "max": 9.989734002661001e-06,
            "count": 283
        },
        "FollowPoints.Policy.LearningRate.sum": {
            "value": 2.1754133261492e-05,
            "min": 1.7559356408680003e-05,
            "max": 4.985626183739601e-05,
            "count": 283
        },
        "FollowPoints.Policy.Epsilon.mean": {
            "value": 0.1435077016,
            "min": 0.1435077016,
            "max": 0.199897339,
            "count": 283
        },
        "FollowPoints.Policy.Epsilon.sum": {
            "value": 0.7175385080000001,
            "min": 0.5755913199999999,
            "max": 0.9985626040000002,
            "count": 283
        },
        "FollowPoints.Policy.Beta.mean": {
            "value": 4.915693144e-05,
            "min": 4.915693144e-05,
            "max": 9.990760510000002e-05,
            "count": 283
        },
        "FollowPoints.Policy.Beta.sum": {
            "value": 0.0002457846572,
            "min": 0.000198032188,
            "max": 0.0004987063436,
            "count": 283
        },
        "FollowPoints.Losses.CuriosityForwardLoss.mean": {
            "value": 0.00111304783563052,
            "min": 0.00037707808002475455,
            "max": 0.4231145486119203,
            "count": 283
        },
        "FollowPoints.Losses.CuriosityForwardLoss.sum": {
            "value": 0.0055652391781526,
            "min": 0.0015083123200990182,
            "max": 1.6924581944476813,
            "count": 283
        },
        "FollowPoints.Losses.CuriosityInverseLoss.mean": {
            "value": 1.7084863028923671,
            "min": 1.51530790006121,
            "max": 2.199312766393026,
            "count": 283
        },
        "FollowPoints.Losses.CuriosityInverseLoss.sum": {
            "value": 8.542431514461835,
            "min": 6.06123160024484,
            "max": 10.992822921276092,
            "count": 283
        },
        "FollowPoints.IsTraining.mean": {
            "value": 1.0,
            "min": 1.0,
            "max": 1.0,
            "count": 283
        },
        "FollowPoints.IsTraining.sum": {
            "value": 1.0,
            "min": 1.0,
            "max": 1.0,
            "count": 283
        }
    },
    "metadata": {
        "timer_format_version": "0.1.0",
        "start_time_seconds": "1718103824",
        "python_version": "3.10.0 (tags/v3.10.0:b494f59, Oct  4 2021, 19:00:18) [MSC v.1929 64 bit (AMD64)]",
        "command_line_arguments": "C:\\Projects\\Unity\\Traffic-System-Rahul\\Traffic System\\venv\\Scripts\\mlagents-learn config/trainer_config.yaml --run-id=RAHUL3Scenario1",
        "mlagents_version": "0.30.0",
        "mlagents_envs_version": "0.30.0",
        "communication_protocol_version": "1.5.0",
        "pytorch_version": "2.3.1+cpu",
        "numpy_version": "1.21.2",
        "end_time_seconds": "1718183169"
    },
    "total": 79342.24724250002,
    "count": 1,
    "self": 0.007763400033582002,
    "children": {
        "run_training.setup": {
            "total": 0.1280718999914825,
            "count": 1,
            "self": 0.1280718999914825
        },
        "TrainerController.start_learning": {
            "total": 79342.11140719999,
            "count": 1,
            "self": 242.81828030222096,
            "children": {
                "TrainerController._reset_env": {
                    "total": 7.777048900024965,
                    "count": 1,
                    "self": 7.777048900024965
                },
                "TrainerController.advance": {
                    "total": 79091.44624159776,
                    "count": 14157298,
                    "self": 111.81724976049736,