{
    "name": "root",
    "gauges": {
        "FollowPoints.Policy.Entropy.mean": {
            "value": 1.2239267826080322,
            "min": -2.195239972024865e-07,
            "max": 2.190228223800659,
            "count": 118
        },
        "FollowPoints.Policy.Entropy.sum": {
            "value": 61196.33984375,
            "min": -0.010976199992001057,
            "max": 109577.1171875,
            "count": 118
        },
        "FollowPoints.Step.mean": {
            "value": 5899967.0,
            "min": 49966.0,
            "max": 5899967.0,
            "count": 118
        },
        "FollowPoints.Step.sum": {
            "value": 5899967.0,
            "min": 49966.0,
            "max": 5899967.0,
            "count": 118
        },
        "FollowPoints.Policy.ExtrinsicValueEstimate.mean": {
            "value": 0.0032257218845188618,
            "min": -0.35779163241386414,
            "max": 0.0032257218845188618,
            "count": 118
        },
        "FollowPoints.Policy.ExtrinsicValueEstimate.sum": {
            "value": 2.5483202934265137,
            "min": -284.4443359375,
            "max": 2.5483202934265137,
            "count": 118
        },
        "FollowPoints.Policy.CuriosityValueEstimate.mean": {
            "value": 0.003344415919855237,
            "min": -0.0055878353305161,
            "max": 0.3148346245288849,
            "count": 118
        },
        "FollowPoints.Policy.CuriosityValueEstimate.sum": {
            "value": 2.6420886516571045,
            "min": -4.4143900871276855,
            "max": 249.0341796875,
            "count": 118
        },
        "FollowPoints.Environment.EpisodeLength.mean": {
            "value": 4999.0,
            "min": 1801.851851851852,
            "max": 4999.0,
            "count": 118
        },
        "FollowPoints.Environment.EpisodeLength.sum": {
            "value": 49990.0,
            "min": 46221.0,
            "max": 54468.0,
            "count": 118
        },
        "FollowPoints.Environment.CumulativeReward.mean": {
            "value": -0.869999972358346,
            "min": -16.95624758838676,
            "max": 0.003999999910593033,
            "count": 118
        },
        "FollowPoints.Environment.CumulativeReward.sum": {
            "value": -8.69999972358346,
            "min": -271.29996141418815,
            "max": 0.03999999910593033,
            "count": 118
        },
        "FollowPoints.Policy.ExtrinsicReward.mean": {
            "value": -0.869999972358346,
            "min": -16.95624758838676,
            "max": 0.003999999910593033,
            "count": 118
        },
        "FollowPoints.Policy.ExtrinsicReward.sum": {
            "value": -8.69999972358346,
            "min": -271.29996141418815,
            "max": 0.03999999910593033,
            "count": 118
        },
        "FollowPoints.Policy.CuriosityReward.mean": {
            "value": 0.29415069581282294,
            "min": 0.001152643971467171,
            "max": 13.684891687466815,
            "count": 118
        },
        "FollowPoints.Policy.CuriosityReward.sum": {
            "value": 2.9415069581282296,
            "min": 0.01152643971467171,
            "max": 246.32805037440266,
            "count": 118
        },
        "FollowPoints.Losses.PolicyLoss.mean": {
            "value": 0.034196181882483266,
            "min": 0.024646036844933404,
            "max": 0.03628549855512878,
            "count": 118
        },
        "FollowPoints.Losses.PolicyLoss.sum": {
            "value": 0.3077656369423494,
            "min": 0.23038863996819905,
            "max": 0.3628549855512878,
            "count": 118
        },
        "FollowPoints.Losses.ValueLoss.mean": {
            "value": 0.00010022744331174047,
            "min": 5.6681538993519344e-08,
            "max": 0.00933286876814371,
            "count": 118
        },
        "FollowPoints.Losses.ValueLoss.sum": {
            "value": 0.0009020469898056642,
            "min": 5.668153899351935e-07,
            "max": 0.08399581891329339,
            "count": 118
        },
        "FollowPoints.Policy.LearningRate.mean": {
            "value": 0.00029647479057507017,
            "min": 0.00029647479057507017,
            "max": 0.0002999845500051499,
            "count": 118
        },
        "FollowPoints.Policy.LearningRate.sum": {
            "value": 0.0026682731151756317,
            "min": 0.0026682731151756317,
            "max": 0.0029995522693492434,
            "count": 118
        },
        "FollowPoints.Policy.Epsilon.mean": {
            "value": 0.10000000000000003,
            "min": 0.10000000000000003,
            "max": 0.10000000000000005,
            "count": 118
        },
        "FollowPoints.Policy.Epsilon.sum": {
            "value": 0.9000000000000004,
            "min": 0.9000000000000004,
            "max": 1.0000000000000004,
            "count": 118
        },
        "FollowPoints.Policy.Beta.mean": {
            "value": 0.0010000000000000002,
            "min": 0.0010000000000000002,
            "max": 0.0010000000000000005,
            "count": 118
        },
        "FollowPoints.Policy.Beta.sum": {
            "value": 0.009000000000000003,
            "min": 0.009000000000000003,
            "max": 0.010000000000000004,
            "count": 118
        },
        "FollowPoints.Losses.CuriosityForwardLoss.mean": {
            "value": 0.005401858063069758,
            "min": 6.7453734652539655e-06,
            "max": 0.8260933808706424,
            "count": 118
        },
        "FollowPoints.Losses.CuriosityForwardLoss.sum": {
            "value": 0.04861672256762782,
            "min": 6.070836118728569e-05,
            "max": 7.434840427835782,
            "count": 118
        },
        "FollowPoints.Losses.CuriosityInverseLoss.mean": {
            "value": 1.2570476072805898,
            "min": 0.0,
            "max": 2.1918304310904606,
            "count": 118
        },
        "FollowPoints.Losses.CuriosityInverseLoss.sum": {
            "value": 11.313428465525309,
            "min": 0.0,
            "max": 21.75908727645874,
            "count": 118
        },
        "FollowPoints.IsTraining.mean": {
            "value": 1.0,
            "min": 1.0,
            "max": 1.0,
            "count": 118
        },
        "FollowPoints.IsTraining.sum": {
            "value": 1.0,
            "min": 1.0,
            "max": 1.0,
            "count": 118
        }
    },
    "metadata": {
        "timer_format_version": "0.1.0",
        "start_time_seconds": "1718121989",
        "python_version": "3.10.0 (tags/v3.10.0:b494f59, Oct  4 2021, 19:00:18) [MSC v.1929 64 bit (AMD64)]",
        "command_line_arguments": "C:\\Users\\pablo\\Desktop\\Traffic-Sytem\\Traffic System\\venv\\Scripts\\mlagents-learn config/trainer_config.yaml --run-id=Test17Scenario1",
        "mlagents_version": "0.30.0",
        "mlagents_envs_version": "0.30.0",
        "communication_protocol_version": "1.5.0",
        "pytorch_version": "2.3.0+cpu",
        "numpy_version": "1.21.2",
        "end_time_seconds": "1718184462"
    },
    "total": 62470.938378700055,
    "count": 1,
    "self": 0.014567600097507238,
    "children": {
        "run_training.setup": {
            "total": 0.12041680002585053,
            "count": 1,
            "self": 0.12041680002585053
        },
        "TrainerController.start_learning": {
            "total": 62470.80339429993,
            "count": 1,
            "self": 124.05201328080148,
            "children": {
                "TrainerController._reset_env": {
                    "total": 26.1345548001118,
                    "count": 1,
                    "self": 26.1345548001118
                },
                "TrainerController.advance": {
                    "total": 62320.44035551883,
                    "count": 5947035,
                    "self": 121.92798519413918,