{
    "name": "root",
    "gauges": {
        "FollowPoints.Policy.Entropy.mean": {
            "value": 0.09831150621175766,
            "min": 0.018416741862893105,
            "max": 1.9641516208648682,
            "count": 124
        },
        "FollowPoints.Policy.Entropy.sum": {
            "value": 4915.5751953125,
            "min": 920.6529541015625,
            "max": 98225.2578125,
            "count": 124
        },
        "FollowPoints.Step.mean": {
            "value": 6199941.0,
            "min": 49984.0,
            "max": 6199941.0,
            "count": 124
        },
        "FollowPoints.Step.sum": {
            "value": 6199941.0,
            "min": 49984.0,
            "max": 6199941.0,
            "count": 124
        },
        "FollowPoints.Policy.ExtrinsicValueEstimate.mean": {
            "value": -1.1603091955184937,
            "min": -5.489233016967773,
            "max": -0.35719361901283264,
            "count": 124
        },
        "FollowPoints.Policy.ExtrinsicValueEstimate.sum": {
            "value": -916.644287109375,
            "min": -4336.494140625,
            "max": -282.534912109375,
            "count": 124
        },
        "FollowPoints.Policy.CuriosityValueEstimate.mean": {
            "value": -0.007014991715550423,
            "min": -0.015095914714038372,
            "max": 5.00480842590332,
            "count": 124
        },
        "FollowPoints.Policy.CuriosityValueEstimate.sum": {
            "value": -5.541843414306641,
            "min": -11.940868377685547,
            "max": 3953.798828125,
            "count": 124
        },
        "FollowPoints.Environment.EpisodeLength.mean": {
            "value": 4999.0,
            "min": 2362.095238095238,
            "max": 4999.0,
            "count": 124
        },
        "FollowPoints.Environment.EpisodeLength.sum": {
            "value": 49990.0,
            "min": 45288.0,
            "max": 54480.0,
            "count": 124
        },
        "FollowPoints.Environment.CumulativeReward.mean": {
            "value": -57.07099051438272,
            "min": -64.38298895098269,
            "max": -13.15952223450655,
            "count": 124
        },
        "FollowPoints.Environment.CumulativeReward.sum": {
            "value": -570.7099051438272,
            "min": -686.0598827525973,
            "max": -264.70997088216245,
            "count": 124
        },
        "FollowPoints.Policy.ExtrinsicReward.mean": {
            "value": -56.50028775855899,
            "min": -63.739167276024816,
            "max": -13.027928420120762,
            "count": 124
        },
        "FollowPoints.Policy.ExtrinsicReward.sum": {
            "value": -565.0028775855899,
            "min": -679.199371740222,
            "max": -262.062897477299,
            "count": 124
        },
        "FollowPoints.Policy.CuriosityReward.mean": {
            "value": 0.24774580762241386,
            "min": 0.07122372970485458,
            "max": 2739.0976451188326,
            "count": 124
        },
        "FollowPoints.Policy.CuriosityReward.sum": {
            "value": 2.4774580762241385,
            "min": 0.9259084861631095,
            "max": 32869.17174142599,
            "count": 124
        },
        "FollowPoints.Losses.PolicyLoss.mean": {
            "value": 0.0350803399048918,
            "min": 0.02972564829241795,
            "max": 0.0359690770183483,
            "count": 124
        },
        "FollowPoints.Losses.PolicyLoss.sum": {
            "value": 0.3157230591440262,
            "min": 0.28503665984026155,
            "max": 0.3594157636088009,
            "count": 124
        },
        "FollowPoints.Losses.ValueLoss.mean": {
            "value": 0.00036063084527018807,
            "min": 4.625174439903882e-05,
            "max": 4.515802775544148,
            "count": 124
        },
        "FollowPoints.Losses.ValueLoss.sum": {
            "value": 0.0032456776074316924,
            "min": 0.0004625174439903882,
            "max": 40.64222497989733,
            "count": 124
        },
        "FollowPoints.Policy.LearningRate.mean": {
            "value": 1.0000000000000003e-05,
            "min": 1.0000000000000003e-05,
            "max": 1.0000000000000003e-05,
            "count": 124
        },
        "FollowPoints.Policy.LearningRate.sum": {
            "value": 9.000000000000002e-05,
            "min": 9.000000000000002e-05,
            "max": 0.00010000000000000002,
            "count": 124
        },
        "FollowPoints.Policy.Epsilon.mean": {
            "value": 0.19876492219999997,
            "min": 0.19876492219999997,
            "max": 0.19999486346666664,
            "count": 124
        },
        "FollowPoints.Policy.Epsilon.sum": {
            "value": 1.7888842997999999,
            "min": 1.7888842997999999,
            "max": 1.999851097,
            "count": 124
        },
        "FollowPoints.Policy.Beta.mean": {
            "value": 0.00010000000000000003,
            "min": 0.00010000000000000002,
            "max": 0.00010000000000000003,
            "count": 124
        },
        "FollowPoints.Policy.Beta.sum": {
            "value": 0.0009000000000000003,
            "min": 0.0009000000000000003,
            "max": 0.0010000000000000002,
            "count": 124
        },
        "FollowPoints.Losses.CuriosityForwardLoss.mean": {
            "value": 0.0006485361970691075,
            "min": 0.00024872254495752105,
            "max": 283.36564572563884,
            "count": 124
        },
        "FollowPoints.Losses.CuriosityForwardLoss.sum": {
            "value": 0.005836825773621967,
            "min": 0.0024872254495752104,
            "max": 2550.2908115307496,
            "count": 124
        },
        "FollowPoints.Losses.CuriosityInverseLoss.mean": {
            "value": 0.10453081993468072,
            "min": 0.011970805024908195,
            "max": 1.985053246219953,
            "count": 124
        },
        "FollowPoints.Losses.CuriosityInverseLoss.sum": {
            "value": 0.9407773794121265,
            "min": 0.10773724522417374,
            "max": 19.85053246219953,
            "count": 124
        },
        "FollowPoints.IsTraining.mean": {
            "value": 1.0,
            "min": 1.0,
            "max": 1.0,
            "count": 124
        },
        "FollowPoints.IsTraining.sum": {
            "value": 1.0,
            "min": 1.0,
            "max": 1.0,
            "count": 124
        }
    },
    "metadata": {
        "timer_format_version": "0.1.0",
        "start_time_seconds": "1718100177",
        "python_version": "3.10.0 (tags/v3.10.0:b494f59, Oct  4 2021, 19:00:18) [MSC v.1929 64 bit (AMD64)]",
        "command_line_arguments": "C:\\Unity\\PabloTrafic\\Traffic System\\venv\\Scripts\\mlagents-learn config/trainer_config.yaml --run-id=SAM3Scenario1 --force",
        "mlagents_version": "0.30.0",
        "mlagents_envs_version": "0.30.0",
        "communication_protocol_version": "1.5.0",
        "pytorch_version": "2.3.1+cpu",
        "numpy_version": "1.21.2",
        "end_time_seconds": "1718134352"
    },
    "total": 34175.41964199999,
    "count": 1,
    "self": 0.055893499971716665,
    "children": {
        "run_training.setup": {
            "total": 0.07692250001127832,
            "count": 1,
            "self": 0.07692250001127832
        },
        "TrainerController.start_learning": {
            "total": 34175.28682600001,
            "count": 1,
            "self": 111.52518967735523,
            "children": {
                "TrainerController._reset_env": {
                    "total": 8.17357680000714,
                    "count": 1,
                    "self": 8.17357680000714
                },
                "TrainerController.advance": {
                    "total": 34055.53224752266,
                    "count": 6244161,
                    "self": 96.27529548626626,