{
    "name": "root",
    "metadata": {
        "timer_format_version": "0.1.0",
        "start_time_seconds": "1716558540",
        "python_version": "3.10.0 (tags/v3.10.0:b494f59, Oct  4 2021, 19:00:18) [MSC v.1929 64 bit (AMD64)]",
        "command_line_arguments": "C:\\Users\\pablo\\Desktop\\Traffic-Sytem\\Traffic System\\venv\\Scripts\\mlagents-learn --resume",
        "mlagents_version": "0.30.0",
        "mlagents_envs_version": "0.30.0",
        "communication_protocol_version": "1.5.0",
        "pytorch_version": "2.3.0+cpu",
        "numpy_version": "1.21.2",
        "end_time_seconds": "1716558705"
    },
    "total": 165.751486599911,
    "count": 1,
    "self": 0.005656499997712672,
    "children": {
        "run_training.setup": {
            "total": 0.01779969991184771,
            "count": 1,
            "self": 0.01779969991184771
        },
        "TrainerController.start_learning": {
            "total": 165.72803040000144,
            "count": 1,
            "self": 0.25541600480210036,
            "children": {
                "TrainerController._reset_env": {
                    "total": 18.224726199987344,
                    "count": 1,
                    "self": 18.224726199987344
                },
                "TrainerController.advance": {
                    "total": 147.12089259526692,
                    "count": 14174,
                    "self": 0.24375649308785796,
                    "children": {
                        "env_step": {
                            "total": 143.27795190911274,
                            "count": 14174,
                            "self": 128.7626220015809,
                            "children": {
                                "SubprocessEnvManager._take_step": {
                                    "total": 14.338379799970426,
                                    "count": 14174,
                                    "self": 0.6518707948271185,
                                    "children": {
                                        "TorchPolicy.evaluate": {
                                            "total": 13.686509005143307,
                                            "count": 14174,
                                            "self": 13.686509005143307
                                        }
                                    }
                                },
                                "workers": {
                                    "total": 0.17695010756142437,
                                    "count": 14173,
                                    "self": 0.0,
                                    "children": {
                                        "worker_root": {
                                            "total": 85.71155969670508,
                                            "count": 14173,
                                            "is_parallel": true,
                                            "self": 31.066940101212822,
                                            "children": {
                                                "steps_from_proto": {
                                                    "total": 0.0003182999789714813,
                                                    "count": 1,
                                                    "is_parallel": true,
                                                    "self": 0.00018509989604353905,
                                                    "children": {
                                                        "_process_rank_one_or_two_observation": {
                                                            "total": 0.00013320008292794228,
                                                            "count": 2,
                                                            "is_parallel": true,
                                                            "self": 0.00013320008292794228
                                                        }
                                                    }
                                                },
                                                "UnityEnvironment.step": {
                                                    "total": 54.64430129551329,
                                                    "count": 14173,
                                                    "is_parallel": true,
                                                    "self": 0.9208718962036073,
                                                    "children": {
                                                        "UnityEnvironment._generate_step_input": {
                                                            "total": 0.7373478017980233,
                                                            "count": 14173,
                                                            "is_parallel": true,
                                                            "self": 0.7373478017980233
                                                        },
                                                        "communicator.exchange": {
                                                            "total": 49.79049279529136,
                                                            "count": 14173,
                                                            "is_parallel": true,
                                                            "self": 49.79049279529136
                                                        },
                                                        "steps_from_proto": {
                                                            "total": 3.1955888022203,
                                                            "count": 14173,
                                                            "is_parallel": true,
                                                            "self": 2.0002582103479654,
                                                            "children": {
                                                                "_process_rank_one_or_two_observation": {
                                                                    "total": 1.1953305918723345,
                                                                    "count": 28346,
                                                                    "is_parallel": true,
                                                                    "self": 1.1953305918723345
                                                                }
                                                            }
                                                        }
                                                    }
                                                }
                                            }
                                        }
                                    }
                                }
                            }
                        },
                        "trainer_advance": {
                            "total": 3.5991841930663213,
                            "count": 14173,
                            "self": 0.30323760327883065,
                            "children": {
                                "process_trajectory": {
                                    "total": 0.9445782897528261,
                                    "count": 14173,
                                    "self": 0.9445782897528261
                                },
                                "_update_policy": {
                                    "total": 2.3513683000346646,
                                    "count": 1,
                                    "self": 1.6071937000378966,
                                    "children": {
                                        "TorchPPOOptimizer.update": {
                                            "total": 0.7441745999967679,
                                            "count": 30,