{
    "name": "root",
    "gauges": {
        "FollowPoints.Policy.Entropy.mean": {
            "value": 1.4267348051071167,
            "min": 1.2798126935958862,
            "max": 1.8124884366989136,
            "count": 21
        },
        "FollowPoints.Policy.Entropy.sum": {
            "value": 14260.2138671875,
            "min": 12787.888671875,
            "max": 18104.947265625,
            "count": 21
        },
        "FollowPoints.Step.mean": {
            "value": 209990.0,
            "min": 9961.0,
            "max": 209990.0,
            "count": 21
        },
        "FollowPoints.Step.sum": {
            "value": 209990.0,
            "min": 9961.0,
            "max": 209990.0,
            "count": 21
        },
        "FollowPoints.Policy.ExtrinsicValueEstimate.mean": {
            "value": 1.8276163339614868,
            "min": -9.402677536010742,
            "max": 17.240083694458008,
            "count": 21
        },
        "FollowPoints.Policy.ExtrinsicValueEstimate.sum": {
            "value": 372.833740234375,
            "min": -1589.052490234375,
            "max": 3241.1357421875,
            "count": 21
        },
        "FollowPoints.Losses.PolicyLoss.mean": {
            "value": 0.24453389791934335,
            "min": 0.2406750726422719,
            "max": 0.2501497767404316,
            "count": 21
        },
        "FollowPoints.Losses.PolicyLoss.sum": {
            "value": 19.562711833547468,
            "min": 18.338828450934344,
            "max": 19.761832362494097,
            "count": 21
        },
        "FollowPoints.Losses.ValueLoss.mean": {
            "value": 92.68360681760116,
            "min": 0.9274839891770686,
            "max": 94.7712584853195,
            "count": 21
        },
        "FollowPoints.Losses.ValueLoss.sum": {
            "value": 7414.688545408093,
            "min": 71.41626716663428,
            "max": 7414.688545408093,
            "count": 21
        },
        "FollowPoints.Policy.LearningRate.mean": {
            "value": 0.000287700400099868,
            "min": 0.000287700400099868,
            "max": 0.0002996999661526428,
            "count": 21
        },
        "FollowPoints.Policy.LearningRate.sum": {
            "value": 0.02301603200798944,
            "min": 0.022001884766038496,
            "max": 0.023344267318577586,
            "count": 21
        },
        "FollowPoints.Policy.Epsilon.mean": {
            "value": 0.195900132,
            "min": 0.195900132,
            "max": 0.19989998868421055,
            "count": 21
        },
        "FollowPoints.Policy.Epsilon.sum": {
            "value": 15.67201056,
            "min": 14.9339615,
            "max": 15.6814224,
            "count": 21
        },
        "FollowPoints.Policy.Beta.mean": {
            "value": 0.0005000000000000001,
            "min": 0.0005000000000000001,
            "max": 0.0005000000000000001,
            "count": 21
        },
        "FollowPoints.Policy.Beta.sum": {
            "value": 0.04000000000000001,
            "min": 0.038000000000000006,
            "max": 0.04000000000000001,
            "count": 21
        },
        "FollowPoints.Environment.EpisodeLength.mean": {
            "value": 130.56,
            "min": 130.56,
            "max": 1499.1666666666667,
            "count": 21
        },
        "FollowPoints.Environment.EpisodeLength.sum": {
            "value": 9792.0,
            "min": 8982.0,
            "max": 11453.0,
            "count": 21
        },
        "FollowPoints.Environment.CumulativeReward.mean": {
            "value": 82.19750693639119,
            "min": -105.57505289713542,
            "max": 99.68846753239632,
            "count": 21
        },
        "FollowPoints.Environment.CumulativeReward.sum": {
            "value": 6164.81302022934,
            "min": -633.4503173828125,
            "max": 6778.8157922029495,
            "count": 21
        },
        "FollowPoints.Policy.ExtrinsicReward.mean": {
            "value": 82.19750693639119,
            "min": -105.57505289713542,
            "max": 99.68846753239632,
            "count": 21
        },
        "FollowPoints.Policy.ExtrinsicReward.sum": {
            "value": 6164.81302022934,
            "min": -633.4503173828125,
            "max": 6778.8157922029495,
            "count": 21
        },
        "FollowPoints.IsTraining.mean": {
            "value": 1.0,
            "min": 1.0,
            "max": 1.0,
            "count": 21
        },
        "FollowPoints.IsTraining.sum": {
            "value": 1.0,
            "min": 1.0,
            "max": 1.0,
            "count": 21
        }
    },
    "metadata": {
        "timer_format_version": "0.1.0",
        "start_time_seconds": "1717418607",
        "python_version": "3.10.0 (tags/v3.10.0:b494f59, Oct  4 2021, 19:00:18) [MSC v.1929 64 bit (AMD64)]",
        "command_line_arguments": "C:\\Users\\pablo\\Desktop\\Traffic-Sytem\\Traffic System\\venv\\Scripts\\mlagents-learn config/trainer_config.yaml --run-id=Test03/06_5",
        "mlagents_version": "0.30.0",
        "mlagents_envs_version": "0.30.0",
        "communication_protocol_version": "1.5.0",
        "pytorch_version": "2.3.0+cpu",
        "numpy_version": "1.21.2",
        "end_time_seconds": "1717420436"
    },
    "total": 1828.411280399887,
    "count": 1,
    "self": 0.01061819982714951,
    "children": {
        "run_training.setup": {
            "total": 0.07665150007233024,
            "count": 1,
            "self": 0.07665150007233024
        },
        "TrainerController.start_learning": {
            "total": 1828.3240106999874,
            "count": 1,
            "self": 3.8395655604545027,
            "children": {
                "TrainerController._reset_env": {
                    "total": 8.976118999999017,
                    "count": 1,
                    "self": 8.976118999999017
                },
                "TrainerController.advance": {
                    "total": 1815.3262651395053,
                    "count": 211950,
                    "self": 3.699924299493432,
                    "children": {
                        "env_step": {
                            "total": 1233.9477384802885,
                            "count": 211950,
                            "self": 942.0094317016192,
                            "children": {
                                "SubprocessEnvManager._take_step": {
                                    "total": 289.28330941684544,
                                    "count": 211951,
                                    "self": 10.284652019618079,
                                    "children": {
                                        "TorchPolicy.evaluate": {
                                            "total": 278.99865739722736,
                                            "count": 211951,
                                            "self": 278.99865739722736
                                        }
                                    }
                                },
                                "workers": {
                                    "total": 2.6549973618239164,
                                    "count": 211949,
                                    "self": 0.0,
                                    "children": {
                                        "worker_root": {
                                            "total": 1735.6054701423272,
                                            "count": 211949,
                                            "is_parallel": true,
                                            "self": 1046.043644654099,
                                            "children": {
                                                "steps_from_proto": {
                                                    "total": 0.0007322998717427254,
                                                    "count": 2,