{
    "name": "root",
    "gauges": {
        "FollowPoints.Policy.Entropy.mean": {
            "value": 1.3689197301864624,
            "min": 1.3689197301864624,
            "max": 1.9508681297302246,
            "count": 6
        },
        "FollowPoints.Policy.Entropy.sum": {
            "value": 13672.7705078125,
            "min": 13672.7705078125,
            "max": 19555.501953125,
            "count": 6
        },
        "FollowPoints.Step.mean": {
            "value": 59973.0,
            "min": 9961.0,
            "max": 59973.0,
            "count": 6
        },
        "FollowPoints.Step.sum": {
            "value": 59973.0,
            "min": 9961.0,
            "max": 59973.0,
            "count": 6
        },
        "FollowPoints.Policy.ExtrinsicValueEstimate.mean": {
            "value": -17.041336059570312,
            "min": -57.418357849121094,
            "max": -17.041336059570312,
            "count": 6
        },
        "FollowPoints.Policy.ExtrinsicValueEstimate.sum": {
            "value": -2726.61376953125,
            "min": -9186.9375,
            "max": -2726.61376953125,
            "count": 6
        },
        "FollowPoints.Losses.PolicyLoss.mean": {
            "value": 0.24220552875011803,
            "min": 0.24220552875011803,
            "max": 0.2544422780090018,
            "count": 6
        },
        "FollowPoints.Losses.PolicyLoss.sum": {
            "value": 18.64982571375909,
            "min": 18.485645669317773,
            "max": 19.337613128684136,
            "count": 6
        },
        "FollowPoints.Losses.ValueLoss.mean": {
            "value": 34.77394552412021,
            "min": 16.306741509150076,
            "max": 104.47797992846708,
            "count": 6
        },
        "FollowPoints.Losses.ValueLoss.sum": {
            "value": 2677.593805357256,
            "min": 1255.6190962045557,
            "max": 7940.326474563498,
            "count": 6
        },
        "FollowPoints.Policy.LearningRate.mean": {
            "value": 0.0002996698239282405,
            "min": 0.0002996698239282405,
            "max": 0.0002999699494047536,
            "count": 6
        },
        "FollowPoints.Policy.LearningRate.sum": {
            "value": 0.023074576442474518,
            "min": 0.022784036093321303,
            "max": 0.023093076260307908,
            "count": 6
        },
        "FollowPoints.Policy.Epsilon.mean": {
            "value": 0.19988994127272727,
            "min": 0.19988994127272727,
            "max": 0.19998998313157895,
            "count": 6
        },
        "FollowPoints.Policy.Epsilon.sum": {
            "value": 15.391525478,
            "min": 15.194678695999999,
            "max": 15.397692086,
            "count": 6
        },
        "FollowPoints.Policy.Beta.mean": {
            "value": 0.0005000000000000001,
            "min": 0.0005000000000000001,
            "max": 0.0005000000000000001,
            "count": 6
        },
        "FollowPoints.Policy.Beta.sum": {
            "value": 0.038500000000000006,
            "min": 0.038000000000000006,
            "max": 0.038500000000000006,
            "count": 6
        },
        "FollowPoints.Environment.EpisodeLength.mean": {
            "value": 1499.0,
            "min": 1499.0,
            "max": 1499.1666666666667,
            "count": 6
        },
        "FollowPoints.Environment.EpisodeLength.sum": {
            "value": 10493.0,
            "min": 8994.0,
            "max": 10493.0,
            "count": 6
        },
        "FollowPoints.Environment.CumulativeReward.mean": {
            "value": -223.18626062572002,
            "min": -848.81831296285,
            "max": -223.18626062572002,
            "count": 6
        },
        "FollowPoints.Environment.CumulativeReward.sum": {
            "value": -1339.1175637543201,
            "min": -5804.404767990112,
            "max": -1339.1175637543201,
            "count": 6
        },
        "FollowPoints.Policy.ExtrinsicReward.mean": {
            "value": -223.18626062572002,
            "min": -848.81831296285,
            "max": -223.18626062572002,
            "count": 6
        },
        "FollowPoints.Policy.ExtrinsicReward.sum": {
            "value": -1339.1175637543201,
            "min": -5804.404767990112,
            "max": -1339.1175637543201,
            "count": 6
        },
        "FollowPoints.IsTraining.mean": {
            "value": 1.0,
            "min": 1.0,
            "max": 1.0,
            "count": 6
        },
        "FollowPoints.IsTraining.sum": {
            "value": 1.0,
            "min": 1.0,
            "max": 1.0,
            "count": 6
        }
    },
    "metadata": {
        "timer_format_version": "0.1.0",
        "start_time_seconds": "1717423876",
        "python_version": "3.10.0 (tags/v3.10.0:b494f59, Oct  4 2021, 19:00:18) [MSC v.1929 64 bit (AMD64)]",
        "command_line_arguments": "C:\\Users\\pablo\\Desktop\\Traffic-Sytem\\Traffic System\\venv\\Scripts\\mlagents-learn config/trainer_config.yaml --run-id=Test03/06_10",
        "mlagents_version": "0.30.0",
        "mlagents_envs_version": "0.30.0",
        "communication_protocol_version": "1.5.0",
        "pytorch_version": "2.3.0+cpu",
        "numpy_version": "1.21.2",
        "end_time_seconds": "1717424472"
    },
    "total": 596.3867629999295,
    "count": 1,
    "self": 0.0063554998487234116,
    "children": {
        "run_training.setup": {
            "total": 0.08124660002067685,
            "count": 1,
            "self": 0.08124660002067685
        },
        "TrainerController.start_learning": {
            "total": 596.2991609000601,
            "count": 1,
            "self": 1.1538123218342662,
            "children": {
                "TrainerController._reset_env": {
                    "total": 11.51001980016008,
                    "count": 1,
                    "self": 11.51001980016008
                },
                "TrainerController.advance": {
                    "total": 583.520921878051,
                    "count": 64417,
                    "self": 1.1161773782223463,
                    "children": {
                        "env_step": {
                            "total": 411.0163647062145,
                            "count": 64417,
                            "self": 324.1834584979806,
                            "children": {
                                "SubprocessEnvManager._take_step": {
                                    "total": 86.04447263944894,
                                    "count": 64417,
                                    "self": 3.075061117298901,
                                    "children": {
                                        "TorchPolicy.evaluate": {
                                            "total": 82.96941152215004,
                                            "count": 64417,
                                            "self": 82.96941152215004
                                        }
                                    }
                                },
                                "workers": {
                                    "total": 0.7884335687849671,
                                    "count": 64416,
                                    "self": 0.0,
                                    "children": {
                                        "worker_root": {
                                            "total": 521.8179711557459,
                                            "count": 64416,
                                            "is_parallel": true,
                                            "self": 311.9347699920181,
                                            "children": {
                                                "steps_from_proto": {
                                                    "total": 0.0004412999842315912,
                                                    "count": 1,