{"cameraMode":{"drawMode":0,"name":"Shaded","section":"Shading Mode"},"sceneLighting":true,"audioPlay":false,"sceneViewState":{"m_AlwaysRefresh":false,"showFog":true,"showSkybox":true,"showFlares":true,"showImageEffects":true,"showParticleSystems":true,"showVisualEffectGraphs":true,"m_FxEnabled":false},"in2DMode":false,"pivot":{"x":-15.979094505310059,"y":-32.611907958984378,"z":49.47557830810547},"rotation":{"x":-0.0026414417661726476,"y":-0.8984886407852173,"z":0.43901416659355166,"w":-0.005372969433665276},"size":50.572486877441409,"orthographic":false}