{"cameraMode":{"drawMode":0,"name":"Shaded","section":"Shading Mode"},"sceneLighting":true,"audioPlay":false,"sceneViewState":{"m_AlwaysRefresh":false,"showFog":true,"showSkybox":true,"showFlares":true,"showImageEffects":true,"showParticleSystems":true,"showVisualEffectGraphs":true,"m_FxEnabled":false},"in2DMode":false,"pivot":{"x":19.650100708007814,"y":-0.7667295932769775,"z":86.41503143310547},"rotation":{"x":0.007334479130804539,"y":-0.9839401841163635,"z":0.17356126010417939,"w":0.041660748422145846},"size":7.435678005218506,"orthographic":false}