{"cameraMode":{"drawMode":0,"name":"Shaded","section":"Shading Mode"},"sceneLighting":true,"audioPlay":false,"sceneViewState":{"m_AlwaysRefresh":false,"showFog":true,"showSkybox":true,"showFlares":true,"showImageEffects":true,"showParticleSystems":true,"showVisualEffectGraphs":true,"m_FxEnabled":false},"in2DMode":false,"pivot":{"x":0.3237345218658447,"y":4.9635844230651859,"z":-10.156219482421875},"rotation":{"x":-0.15014974772930146,"y":-0.6222010254859924,"z":0.12491213530302048,"w":-0.7587051391601563},"size":1.3122482299804688,"orthographic":false}