{"cameraMode":{"drawMode":0,"name":"Shaded","section":"Shading Mode"},"sceneLighting":true,"audioPlay":false,"sceneViewState":{"m_AlwaysRefresh":false,"showFog":true,"showSkybox":true,"showFlares":true,"showImageEffects":true,"showParticleSystems":true,"showVisualEffectGraphs":true,"m_FxEnabled":false},"in2DMode":false,"pivot":{"x":-59.073184967041019,"y":-0.21806550025939942,"z":-14.941099166870118},"rotation":{"x":0.20287172496318818,"y":0.7678426504135132,"z":-0.29349690675735476,"w":0.5322415828704834},"size":3.4578027725219728,"orthographic":false}