{"cameraMode":{"drawMode":0,"name":"Shaded","section":"Shading Mode"},"sceneLighting":true,"audioPlay":false,"sceneViewState":{"m_AlwaysRefresh":false,"showFog":true,"showSkybox":true,"showFlares":true,"showImageEffects":true,"showParticleSystems":true,"showVisualEffectGraphs":true,"m_FxEnabled":true},"in2DMode":false,"pivot":{"x":13.886198997497559,"y":-23.017723083496095,"z":19.528701782226564},"rotation":{"x":0.37279415130615237,"y":0.21950127184391023,"z":-0.09122716635465622,"w":0.8969592452049255},"size":29.91560173034668,"orthographic":false}