{"cameraMode":{"drawMode":0,"name":"Shaded","section":"Shading Mode"},"sceneLighting":true,"audioPlay":false,"sceneViewState":{"m_AlwaysRefresh":false,"showFog":true,"showSkybox":true,"showFlares":true,"showImageEffects":true,"showParticleSystems":true,"showVisualEffectGraphs":true,"m_FxEnabled":false},"in2DMode":false,"pivot":{"x":1.9586420059204102,"y":-20.641582489013673,"z":-31.967166900634767},"rotation":{"x":0.024919142946600915,"y":-0.885616660118103,"z":0.4626173675060272,"w":0.04302505776286125},"size":17.721960067749025,"orthographic":false}