{"cameraMode":{"drawMode":0,"name":"Shaded","section":"Shading Mode"},"sceneLighting":true,"audioPlay":false,"sceneViewState":{"m_AlwaysRefresh":false,"showFog":true,"showSkybox":true,"showFlares":true,"showImageEffects":true,"showParticleSystems":true,"showVisualEffectGraphs":true,"m_FxEnabled":true},"in2DMode":false,"pivot":{"x":-12.367624282836914,"y":2.6476242542266847,"z":-13.565523147583008},"rotation":{"x":0.3431336283683777,"y":0.026764707639813424,"z":-0.009781850501894951,"w":0.9388570189476013},"size":6.750538349151611,"orthographic":false}