{"cameraMode":{"drawMode":0,"name":"Shaded","section":"Shading Mode"},"sceneLighting":true,"audioPlay":false,"sceneViewState":{"m_AlwaysRefresh":false,"showFog":true,"showSkybox":true,"showFlares":true,"showImageEffects":true,"showParticleSystems":true,"showVisualEffectGraphs":true,"m_FxEnabled":false},"in2DMode":false,"pivot":{"x":12.133332252502442,"y":0.036457061767578128,"z":-1.822330355644226},"rotation":{"x":-0.4909389913082123,"y":0.49933159351348879,"z":-0.4303243160247803,"w":-0.5696806907653809},"size":5.981598377227783,"orthographic":false}