{"cameraMode":{"drawMode":0,"name":"Shaded","section":"Shading Mode"},"sceneLighting":true,"audioPlay":false,"sceneViewState":{"m_AlwaysRefresh":false,"showFog":true,"showSkybox":true,"showFlares":true,"showImageEffects":true,"showParticleSystems":true,"showVisualEffectGraphs":true,"m_FxEnabled":false},"in2DMode":false,"pivot":{"x":39.674076080322269,"y":-164.37965393066407,"z":108.89549255371094},"rotation":{"x":0.4502558410167694,"y":0.1469641774892807,"z":-0.07518314570188523,"w":0.8776456117630005},"size":119.24121856689453,"orthographic":false}