{"cameraMode":{"drawMode":0,"name":"Shaded","section":"Shading Mode"},"sceneLighting":true,"audioPlay":false,"sceneViewState":{"m_AlwaysRefresh":false,"showFog":true,"showSkybox":true,"showFlares":true,"showImageEffects":true,"showParticleSystems":true,"showVisualEffectGraphs":true,"m_FxEnabled":true},"in2DMode":false,"pivot":{"x":10.33747673034668,"y":2.5301029682159426,"z":-10.940827369689942},"rotation":{"x":0.327719122171402,"y":-0.0070860730484128,"z":0.0024580496829003097,"w":0.9447466135025024},"size":4.460332870483398,"orthographic":false}