{"cameraMode":{"drawMode":0,"name":"Shaded","section":"Shading Mode"},"sceneLighting":true,"audioPlay":false,"sceneViewState":{"m_AlwaysRefresh":false,"showFog":true,"showSkybox":true,"showFlares":true,"showImageEffects":true,"showParticleSystems":true,"showVisualEffectGraphs":true,"m_FxEnabled":false},"in2DMode":false,"pivot":{"x":140.16477966308595,"y":-5.6574811935424809,"z":61.8421516418457},"rotation":{"x":0.025839723646640779,"y":0.9565739631652832,"z":-0.2762252688407898,"w":0.09037550538778305},"size":14.458518981933594,"orthographic":false}